Season,Name,Team,Pos,playerid
2013,Manny Machado,BAL,3B,11493
2009,Franklin Gutierrez,SEA,CF,3255
2015,Kevin Kiermaier,TBR,CF,11038
2006,Adam Everett,HOU,SS,1430
2013,Andrelton Simmons,ATL,SS,10847
2007,Omar Vizquel,SFG,SS,411
2005,Andruw Jones,ATL,CF,96
2004,Adrian Beltre,LAD,3B,639
2016,Brandon Crawford,SFG,SS,5343
2016,Francisco Lindor,CLE,SS,12916
2007,Coco Crisp,BOS,CF,1572
2004,Corey Patterson,CHC,CF,300
2004,Andruw Jones,ATL,CF,96
2013,Carlos Gomez,MIL,CF,4881
2007,Alfonso Soriano,CHC,LF,847
2005,Orlando Cabrera,LAA,SS,766
2012,Michael Bourn,ATL,CF,6387
2013,Juan Uribe,LAD,3B,454
2007,Andruw Jones,ATL,CF,96
2002,Scott Rolen,- - -,3B,970
2002,Adrian Beltre,LAD,3B,639
2006,Brandon Inge,DET,3B,470
2007,Pedro Feliz,SFG,3B,1112
2015,Andrelton Simmons,ATL,SS,10847
2016,Kevin Pillar,TOR,CF,12434
2004,Scott Rolen,STL,3B,970
2003,Adrian Beltre,LAD,3B,639
2014,Chase Headley,- - -,3B,4720
2013,Nolan Arenado,COL,3B,9777
2013,Russell Martin,PIT,C,4616
2006,Willy Taveras,HOU,CF,1876
2007,Troy Tulowitzki,COL,SS,3531
2014,Billy Hamilton,CIN,CF,10199
2008,Orlando Cabrera,CHW,SS,766
2014,Andrelton Simmons,ATL,SS,10847
2016,Freddy Galvis,PHI,SS,6609
2007,Tony Pena,KCR,SS,2240
2009,Evan Longoria,TBR,3B,9368
2010,Yadier Molina,STL,C,7007
2002,Corey Koskie,MIN,3B,738
2016,Addison Russell,CHC,SS,14106
2010,Michael Bourn,HOU,CF,6387
2008,Jason Kendall,MIL,C,993
2004,Joe Randa,KCR,3B,623
2015,Adeiny Hechavarria,MIA,SS,10459
2003,Mike Cameron,SEA,CF,1070
2005,Jack Wilson,PIT,SS,1017
2013,Gerardo Parra,ARI,RF,8553
2011,Matt Wieters,BAL,C,4298
2010,Brett Gardner,NYY,LF,9927
2004,Cesar Izturis,LAD,SS,656
2006,Adrian Beltre,SEA,3B,639
2016,Andrelton Simmons,LAA,SS,10847
2008,Chase Utley,PHI,2B,1679
2010,Brian McCann,ATL,C,4810
2003,Mark Kotsay,SDP,CF,1042
2011,Dustin Pedroia,BOS,2B,8370
2014,J.J. Hardy,BAL,SS,3797
2005,Adam Everett,HOU,SS,1430
2014,Dustin Pedroia,BOS,2B,8370
2013,Shane Victorino,BOS,RF,1677
2014,Juan Lagares,NYM,CF,5384
2002,Darin Erstad,ANA,CF,11
2011,Brett Gardner,NYY,LF,9927
2008,Carlos Gomez,MIN,CF,4881
2012,Brendan Ryan,SEA,SS,6073
2012,Yadier Molina,STL,C,7007
2012,J.J. Hardy,BAL,SS,3797
2005,Aaron Rowand,CHW,CF,254
2009,Jack Wilson,- - -,SS,1017
2002,Alex Rodriguez,TEX,SS,1274
2003,Andruw Jones,ATL,CF,96
2007,Orlando Cabrera,LAA,SS,766
2007,J.J. Hardy,MIL,SS,3797
2007,Brandon Phillips,CIN,2B,791
2012,Matt Wieters,BAL,C,4298
2010,Brendan Ryan,STL,SS,6073
2009,Chone Figgins,LAA,3B,1580
2006,Joe Crede,CHW,3B,227
2013,A.J. Pollock,ARI,CF,9256
2010,Chase Headley,SDP,3B,4720
2007,Jose Reyes,NYM,SS,1736
2014,Jhonny Peralta,STL,SS,1738
2005,Ivan Rodriguez,DET,C,1275
2009,Yadier Molina,STL,C,7007
2004,Julio Lugo,TBD,SS,565
2008,Jimmy Rollins,PHI,SS,971
2008,Yadier Molina,STL,C,7007
2014,Zack Cozart,CIN,SS,2616
2004,Brian Schneider,MON,C,795
2007,Ryan Zimmerman,WSN,3B,4220
2003,Torii Hunter,MIN,CF,731
2006,Ramon Hernandez,BAL,C,918
2002,Rey Ordonez,NYM,SS,889
2009,Elvis Andrus,TEX,SS,8709
2011,Jacoby Ellsbury,BOS,CF,4727
2003,Alex Rodriguez,TEX,SS,1274
2003,Paul Lo Duca,LAD,C,662
2011,Chris Young,ARI,CF,3882
2011,Ian Kinsler,TEX,2B,6195
2003,Jose Valentin,CHW,SS,256
2012,Jhonny Peralta,DET,SS,1738
2002,Andruw Jones,ATL,CF,96
2016,Adam Eaton,CHW,RF,11205
2012,Mike Moustakas,KCR,3B,4892
2013,Alcides Escobar,KCR,SS,6310
2014,Alex Gordon,KCR,LF,5209
2008,Evan Longoria,TBR,3B,9368
2006,Pedro Feliz,SFG,3B,1112
2004,Orlando Hudson,TOR,2B,1307
2007,Russell Martin,LAD,C,4616
2012,David Wright,NYM,3B,3787
2014,Josh Donaldson,OAK,3B,5038
2010,Matt Wieters,BAL,C,4298
2016,Jose Iglesias,DET,SS,10231
2010,Alexei Ramirez,CHW,SS,5133
2005,Chase Utley,PHI,2B,1679
2011,Alexei Ramirez,CHW,SS,5133
2006,Corey Patterson,BAL,CF,300
2014,Jackie Bradley Jr.,BOS,CF,12984
2013,Yadier Molina,STL,C,7007
2016,Corey Seager,LAD,SS,13624
2013,Yunel Escobar,TBR,SS,4191
2007,Curtis Granderson,DET,CF,4747
2010,Kevin Kouzmanoff,OAK,3B,5995
2014,Jason Heyward,ATL,RF,4940
2012,Jason Heyward,ATL,RF,4940
2005,Yadier Molina,STL,C,7007
2003,Hank Blalock,TEX,3B,1419
2008,Kurt Suzuki,OAK,C,8259
2012,Darwin Barney,CHC,2B,2430
2015,Brandon Crawford,SFG,SS,5343
2014,Salvador Perez,KCR,C,7304
2010,Miguel Olivo,COL,C,1638
2009,Gerald Laird,DET,C,1698
2008,Miguel Tejada,HOU,SS,941
2013,Evan Longoria,TBR,3B,9368
2011,Jhonny Peralta,DET,SS,1738
2011,Alcides Escobar,KCR,SS,6310
2006,Juan Pierre,CHC,CF,443
2015,Nick Ahmed,ARI,SS,12147
2011,Evan Longoria,TBR,3B,9368
2012,Clint Barmes,PIT,SS,1830
2014,Jonathan Lucroy,MIL,C,7870
2008,Mark Ellis,OAK,2B,1443
2016,Adrian Beltre,TEX,3B,639
2006,Aaron Hill,TOR,2B,6104
2016,J.J. Hardy,BAL,SS,3797
2015,Lorenzo Cain,KCR,CF,9077
2002,Jose Hernandez,MIL,SS,688
2002,Pokey Reese,PIT,2B,1004
2015,Billy Hamilton,CIN,CF,10199
2016,Justin Turner,LAD,3B,5235
2002,Juan Pierre,COL,CF,443
2013,Salvador Perez,KCR,C,7304
2015,Kevin Pillar,TOR,CF,12434
2006,Omar Vizquel,SFG,SS,411
2011,Brendan Ryan,SEA,SS,6073
2011,Howie Kendrick,LAA,2B,4229
2010,Ryan Zimmerman,WSN,3B,4220
2006,Yadier Molina,STL,C,7007
2005,Trot Nixon,BOS,RF,204
2006,Juan Uribe,CHW,SS,454
2011,Placido Polanco,PHI,3B,1176
2009,Adrian Beltre,SEA,3B,639
2016,Cesar Hernandez,PHI,2B,10556
2005,Jeremy Reed,SEA,CF,4730
2008,Russell Martin,LAD,C,4616
2003,Toby Hall,TBD,C,1210
2016,Salvador Perez,KCR,C,7304
2005,Adam Kennedy,LAA,2B,19
2010,Carlos Ruiz,PHI,C,2579
2007,Gerald Laird,TEX,C,1698
2014,Ian Kinsler,DET,2B,6195
2012,Alexei Ramirez,CHW,SS,5133
2010,Stephen Drew,ARI,SS,4251
2013,Matt Wieters,BAL,C,4298
2006,Grady Sizemore,CLE,CF,2197
2013,Welington Castillo,CHC,C,3256
2014,Alex Avila,DET,C,7476
2014,Welington Castillo,CHC,C,3256
2004,Carl Crawford,TBD,LF,1201
2012,Elvis Andrus,TEX,SS,8709
2006,Andruw Jones,ATL,CF,96
2014,Russell Martin,PIT,C,4616
2004,Jack Wilson,PIT,SS,1017
2003,Brad Ausmus,HOU,C,546
2011,Yadier Molina,STL,C,7007
2006,Eric Chavez,OAK,3B,906
2016,Billy Hamilton,CIN,CF,10199
2012,Jimmy Rollins,PHI,SS,971
2008,Carlos Beltran,NYM,CF,589
2007,Jason Bartlett,MIN,SS,8219
2014,Carlos Ruiz,PHI,C,2579
2016,Dustin Pedroia,BOS,2B,8370
2006,Jason Kendall,OAK,C,993
2004,Craig Counsell,MIL,SS,52
2011,Pablo Sandoval,SFG,3B,5409
2012,Miguel Montero,ARI,C,3364
2013,Darwin Barney,CHC,2B,2430
2011,J.J. Hardy,BAL,SS,3797
2006,Alex Gonzalez,BOS,SS,520
2012,Brandon Crawford,SFG,SS,5343
2014,Yadier Molina,STL,C,7007
2016,Zack Cozart,CIN,SS,2616
2016,Adeiny Hechavarria,MIA,SS,10459
2014,Erick Aybar,LAA,SS,4082
2007,Chase Utley,PHI,2B,1679
2008,Randy Winn,SFG,RF,1235
2004,Adam Kennedy,ANA,2B,19
2010,Evan Longoria,TBR,3B,9368
2008,Brandon Phillips,CIN,2B,791
2015,Didi Gregorius,NYY,SS,6012
2009,Ryan Zimmerman,WSN,3B,4220
2007,Scott Rolen,STL,3B,970
2011,Clint Barmes,HOU,SS,1830
2005,Juan Uribe,CHW,SS,454
2003,Bengie Molina,ANA,C,24
2016,Jonathan Lucroy,- - -,C,7870
2004,Alex Gonzalez,FLA,SS,520
2012,Buster Posey,SFG,C,9166
2006,Curtis Granderson,DET,CF,4747
2006,Ivan Rodriguez,DET,C,1275
2011,Elvis Andrus,TEX,SS,8709
2003,Ichiro Suzuki,SEA,RF,1101
2011,Miguel Montero,ARI,C,3364
2009,Placido Polanco,DET,2B,1176
2015,Jason Heyward,STL,RF,4940
2003,Adam Everett,HOU,SS,1430
2009,Pedro Feliz,PHI,3B,1112
2015,Adrian Beltre,TEX,3B,639
2008,Mike Cameron,MIL,CF,1070
2005,Brian Schneider,WSN,C,795
2005,Placido Polanco,- - -,2B,1176
2012,Zack Cozart,CIN,SS,2616
2011,Troy Tulowitzki,COL,SS,3531
2015,Alcides Escobar,KCR,SS,6310
2008,Adrian Beltre,SEA,3B,639
2003,Luis Castillo,FLA,2B,513
2009,Cesar Izturis,BAL,SS,656
2004,Jimmy Rollins,PHI,SS,971
2005,Eric Chavez,OAK,3B,906
2009,Mike Cameron,MIL,CF,1070
2003,Alex Gonzalez,FLA,SS,520
2002,Mike Cameron,SEA,CF,1070
2010,Placido Polanco,PHI,3B,1176
2003,Alex Gonzalez,CHC,SS,281
2015,Yoenis Cespedes,- - -,LF,13110
2012,Kurt Suzuki,- - -,C,8259
2012,Robinson Cano,NYY,2B,3269
2005,Omar Vizquel,SFG,SS,411
2007,Miguel Olivo,FLA,C,1638
2007,Kenji Johjima,SEA,C,5811
2002,Eric Chavez,OAK,3B,906
2006,Scott Rolen,STL,3B,970
2014,Leonys Martin,TEX,CF,11846
2009,Casey Blake,LAD,3B,719
2010,Jay Bruce,CIN,RF,9892
2011,Brandon Phillips,CIN,2B,791
2016,Ender Inciarte,ATL,CF,4922
2009,Chase Utley,PHI,2B,1679
2013,Dustin Pedroia,BOS,2B,8370
2013,J.J. Hardy,BAL,SS,3797
2002,Edgar Renteria,STL,SS,1178
2014,Yan Gomes,CLE,C,9627
2004,Aaron Rowand,CHW,CF,254
2003,Jack Wilson,PIT,SS,1017
2006,Mark Grudzielanek,KCR,2B,653
2004,Ichiro Suzuki,SEA,RF,1101
2007,Jeff Francoeur,ATL,RF,4792
2003,Jimmy Rollins,PHI,SS,971
2004,Cristian Guzman,MIN,SS,728
2007,Albert Pujols,STL,1B,1177
2009,Rod Barajas,TOR,C,45
2013,Zack Cozart,CIN,SS,2616
2005,Toby Hall,TBD,C,1210
2004,Alex Rios,TOR,RF,2090
2011,Geovany Soto,CHC,C,3707
2006,Jorge Posada,NYY,C,841
2014,Kyle Seager,SEA,3B,9785
2003,Jorge Posada,NYY,C,841
2002,Mike Bordick,BAL,SS,129
2011,Adrian Beltre,TEX,3B,639
2016,Anthony Rendon,WSN,3B,12861
2005,Coco Crisp,CLE,LF,1572
2013,Colby Rasmus,TOR,CF,9893
2008,J.J. Hardy,MIL,SS,3797
2003,Brian Roberts,BAL,2B,166
2006,Clint Barmes,COL,SS,1830
2004,Jason Kendall,PIT,C,993
2009,Derek Jeter,NYY,SS,826
2013,Alexei Ramirez,CHW,SS,5133
2010,Cliff Pennington,OAK,SS,3395
2010,Adrian Beltre,BOS,3B,639
2014,DJ LeMahieu,COL,2B,9874
2004,Jose Valentin,CHW,SS,256
2005,Mike Matheny,SFG,C,1169
2008,Brian McCann,ATL,C,4810
2015,Matt Duffy,SFG,3B,13836
2012,Mark Ellis,LAD,2B,1443
2015,Russell Martin,TOR,C,4616
2007,Aramis Ramirez,CHC,3B,1002
2013,Nick Hundley,SDP,C,3376
2009,Alex Gonzalez,- - -,SS,520
2007,Brandon Inge,DET,3B,470
2010,Alex Gonzalez,- - -,SS,520
2005,Bill Mueller,BOS,3B,295
2013,Denard Span,WSN,CF,8347
2006,Carlos Beltran,NYM,CF,589
2003,Chris Stynes,COL,3B,303
2009,Michael Bourn,HOU,CF,6387
2010,Marlon Byrd,CHC,CF,950
2010,Jason Kendall,KCR,C,993
2012,Omar Infante,- - -,2B,1609
2003,Bret Boone,SEA,2B,1067
2003,Edgar Renteria,STL,SS,1178
2013,Josh Donaldson,OAK,3B,5038
2009,Ian Kinsler,TEX,2B,6195
2009,Rafael Furcal,LAD,SS,88
2015,Salvador Perez,KCR,C,7304
2007,Mark Ellis,OAK,2B,1443
2009,Kurt Suzuki,OAK,C,8259
2002,Rich Aurilia,SFG,SS,1106
2004,Miguel Tejada,BAL,SS,941
2015,J.J. Hardy,BAL,SS,3797
2005,Luis Castillo,FLA,2B,513
2008,Cesar Izturis,STL,SS,656
2010,Chase Utley,PHI,2B,1679
2012,Alberto Callaspo,LAA,3B,3336
2010,Troy Tulowitzki,COL,SS,3531
2013,Pete Kozma,STL,SS,2539
2016,Manny Machado,BAL,3B,11493
2008,Dustin Pedroia,BOS,2B,8370
2003,Ramon Hernandez,OAK,C,918
2008,Chone Figgins,LAA,3B,1580
2007,Ivan Rodriguez,DET,C,1275
2013,Leonys Martin,TEX,CF,11846
2013,Jacoby Ellsbury,BOS,CF,4727
2006,Jose Reyes,NYM,SS,1736
2006,Jimmy Rollins,PHI,SS,971
2012,Adrian Beltre,TEX,3B,639
2005,Willy Taveras,HOU,CF,1876
2012,Dustin Pedroia,BOS,2B,8370
2008,Pedro Feliz,PHI,3B,1112
2013,Troy Tulowitzki,COL,SS,3531
2013,Todd Frazier,CIN,3B,785
2004,D'Angelo Jimenez,CIN,2B,1038
2005,Neifi Perez,CHC,SS,620
2003,Juan Pierre,FLA,CF,443
2004,Bobby Crosby,OAK,SS,1818
2010,Cesar Izturis,BAL,SS,656
2010,Scott Rolen,CIN,3B,970
2013,Ben Zobrist,TBR,2B,7435
2009,Brian McCann,ATL,C,4810
2003,Adam Kennedy,ANA,2B,19
2015,Odubel Herrera,PHI,CF,11476
2008,Carl Crawford,TBR,LF,1201
2008,Bengie Molina,SFG,C,24
2002,Mark Grudzielanek,LAD,2B,653
2006,Ichiro Suzuki,SEA,RF,1101
2009,Ivan Rodriguez,- - -,C,1275
2009,J.J. Hardy,MIL,SS,3797
2008,Alfonso Soriano,CHC,LF,847
2007,Placido Polanco,DET,2B,1176
2003,Deivi Cruz,BAL,SS,1025
2004,Vernon Wells,TOR,CF,1326
2013,Ian Desmond,WSN,SS,6885
2013,Jonathan Lucroy,MIL,C,7870
2002,Jacque Jones,MIN,LF,735
2005,Brian Roberts,BAL,2B,166
2009,Jimmy Rollins,PHI,SS,971
2004,Alex Rodriguez,NYY,3B,1274
2005,Orlando Hudson,TOR,2B,1307
2004,Moises Alou,CHC,LF,261
2006,Eric Byrnes,ARI,CF,905
2002,Mark Kotsay,SDP,CF,1042
2015,Josh Donaldson,TOR,3B,5038
2010,Carl Crawford,TBR,LF,1201
2013,Josh Reddick,OAK,RF,3892
2012,Josh Reddick,OAK,RF,3892
2006,Miguel Olivo,FLA,C,1638
2006,Bill Hall,MIL,SS,1605
2006,Khalil Greene,SDP,SS,1826
2015,Wilson Ramos,WSN,C,1433
2005,David Bell,PHI,3B,1108
2013,Elvis Andrus,TEX,SS,8709
2011,Kurt Suzuki,OAK,C,8259
2009,Erick Aybar,LAA,SS,4082
2005,Adrian Beltre,SEA,3B,639
2016,Buster Posey,SFG,C,9166
2003,Richard Hidalgo,HOU,RF,561
2003,Carlos Beltran,KCR,CF,589
2016,Jason Heyward,CHC,RF,4940
2006,Kenji Johjima,SEA,C,5811
2012,Yunel Escobar,TOR,SS,4191
2009,Carl Crawford,TBR,LF,1201
2004,David Bell,PHI,3B,1108
2005,Rafael Furcal,ATL,SS,88
2016,Tucker Barnhart,CIN,C,10200
2006,Ronny Paulino,PIT,C,2129
2004,Jason LaRue,CIN,C,337
2003,Damian Miller,CHC,C,65
2002,David Eckstein,ANA,SS,10
2007,Victor Martinez,CLE,C,393
2015,Brian McCann,NYY,C,4810
2005,Mark Grudzielanek,STL,2B,653
2015,Derek Norris,SDP,C,6867
2016,Neil Walker,NYM,2B,7539
2013,Stephen Drew,BOS,SS,4251
2009,Colby Rasmus,STL,CF,9893
2013,Brandon Phillips,CIN,2B,791
2002,Jeff Cirillo,SEA,3B,1073
2015,Martin Prado,MIA,3B,3312
2015,Yadier Molina,STL,C,7007
2002,Rafael Furcal,ATL,SS,88
2005,Jim Edmonds,STL,CF,1153
2011,Brian McCann,ATL,C,4810
2012,Brandon Phillips,CIN,2B,791
2010,Jose Lopez,SEA,3B,3114
2016,Ian Kinsler,DET,2B,6195
2016,Troy Tulowitzki,TOR,SS,3531
2015,Manny Machado,BAL,3B,11493
2012,Brian McCann,ATL,C,4810
2008,Grady Sizemore,CLE,CF,2197
2003,Ivan Rodriguez,FLA,C,1275
2014,Adam Jones,BAL,CF,6368
2009,Dustin Pedroia,BOS,2B,8370
2004,Toby Hall,TBD,C,1210
2016,Mookie Betts,BOS,RF,13611
2008,Jack Hannahan,OAK,3B,3692
2008,Dioner Navarro,TBR,C,3179
2010,Orlando Hudson,MIN,2B,1307
2016,J.T. Realmuto,MIA,C,11739
2011,Wilson Ramos,WSN,C,1433
2004,Paul Lo Duca,- - -,C,662
2003,Cesar Izturis,LAD,SS,656
2009,Adam Everett,DET,SS,1430
2010,Brandon Phillips,CIN,2B,791
2014,Chase Utley,PHI,2B,1679
2003,Marcus Giles,ATL,2B,89
2002,Placido Polanco,- - -,3B,1176
2010,Julio Borbon,TEX,CF,3209
2011,Cameron Maybin,SDP,CF,5223
2002,Cesar Izturis,LAD,SS,656
2013,Buster Posey,SFG,C,9166
2011,Russell Martin,NYY,C,4616
2009,Ryan Theriot,CHC,SS,3811
2011,Carlos Ruiz,PHI,C,2579
2004,Jay Payton,SDP,CF,890
2011,Alberto Callaspo,LAA,3B,3336
2012,A.J. Ellis,LAD,C,5677
2012,Ian Desmond,WSN,SS,6885
2003,Jason Varitek,BOS,C,217
2002,Jason Kendall,PIT,C,993
2002,Jorge Posada,NYY,C,841
2009,Alexei Ramirez,CHW,SS,5133
2010,Yunel Escobar,- - -,SS,4191
2002,Paul Lo Duca,LAD,C,662
2012,Mike Aviles,BOS,SS,5986
2003,Brent Mayne,KCR,C,614
2003,Corey Koskie,MIN,3B,738
2013,A.J. Ellis,LAD,C,5677
2013,Brandon Crawford,SFG,SS,5343
2007,Brian Schneider,WSN,C,795
2007,Jimmy Rollins,PHI,SS,971
2009,David DeJesus,KCR,LF,1825
2003,Scott Rolen,STL,3B,970
2008,Melvin Upton Jr.,TBR,CF,5015
2006,Carlos Guillen,DET,SS,1079
2016,Welington Castillo,ARI,C,3256
2014,Brandon Phillips,CIN,2B,791
2013,Pedro Florimon,MIN,SS,8385
2011,Austin Jackson,DET,CF,9848
2011,Chris Iannetta,COL,C,8267
2007,Robinson Cano,NYY,2B,3269
2009,Kevin Kouzmanoff,SDP,3B,5995
2005,Marcus Giles,ATL,2B,89
2007,Carlos Ruiz,PHI,C,2579
2003,Jim Edmonds,STL,CF,1153
2006,Chase Utley,PHI,2B,1679
2005,Rod Barajas,TEX,C,45
2009,Jason Kendall,MIL,C,993
2011,Ronny Cedeno,PIT,SS,2179
2004,Eric Chavez,OAK,3B,906
2006,Brian Roberts,BAL,2B,166
2011,Jimmy Rollins,PHI,SS,971
2010,Kelly Johnson,ARI,2B,2234
2014,Jimmy Rollins,PHI,SS,971
2009,Troy Tulowitzki,COL,SS,3531
2012,Chase Headley,SDP,3B,4720
2008,Mike Lowell,BOS,3B,527
2002,Mike Lieberthal,PHI,C,959
2005,Craig Counsell,ARI,2B,52
2015,Todd Frazier,CIN,3B,785
2005,A.J. Pierzynski,CHW,C,746
2005,Victor Martinez,CLE,C,393
2013,Mike Moustakas,KCR,3B,4892
2006,Mark Ellis,OAK,2B,1443
2006,Matt Murton,CHC,LF,6307
2005,Grady Sizemore,CLE,CF,2197
2016,Jason Kipnis,CLE,2B,9776
2005,David DeJesus,KCR,CF,1825
2003,Javy Lopez,ATL,C,103
2012,Denard Span,MIN,CF,8347
2006,Brian Schneider,WSN,C,795
2012,John Buck,MIA,C,2041
2009,Aaron Rowand,SFG,CF,254
2007,Bengie Molina,SFG,C,24
2002,Jerry Hairston,BAL,2B,144
2002,Ramon Hernandez,OAK,C,918
2015,Francisco Cervelli,PIT,C,5275
2002,Cristian Guzman,MIN,SS,728
2004,David Eckstein,ANA,SS,10
2008,Bobby Crosby,OAK,SS,1818
2008,Jason Varitek,BOS,C,217
2012,Danny Espinosa,WSN,2B,9219
2002,Carlos Beltran,KCR,CF,589
2015,Evan Longoria,TBR,3B,9368
2006,Vernon Wells,TOR,CF,1326
2010,Mark Ellis,OAK,2B,1443
2010,Denard Span,MIN,CF,8347
2016,Joe Panik,SFG,2B,11936
2013,Andrew McCutchen,PIT,CF,9847
2004,Damian Miller,OAK,C,65
2002,Brad Ausmus,HOU,C,546
2012,Starlin Castro,CHC,SS,4579
2005,Jorge Posada,NYY,C,841
2010,A.J. Pierzynski,CHW,C,746
2012,Alex Avila,DET,C,7476
2004,Mike Cameron,NYM,CF,1070
2010,Curtis Granderson,NYY,CF,4747
2003,Jason LaRue,CIN,C,337
2015,Troy Tulowitzki,- - -,SS,3531
2011,Peter Bourjos,LAA,CF,2578
2002,Geronimo Gil,BAL,C,142
2013,Chase Headley,SDP,3B,4720
2015,Austin Jackson,- - -,CF,9848
2011,Casey McGehee,MIL,3B,6086
2002,Benito Santiago,SFG,C,1130
2003,Joe Crede,CHW,3B,227
2002,Jason Varitek,BOS,C,217
2004,J.D. Drew,ATL,RF,1152
2014,Howie Kendrick,LAA,2B,4229
2006,Miguel Tejada,BAL,SS,941
2010,Alcides Escobar,MIL,SS,6310
2012,Drew Stubbs,CIN,CF,9328
2015,Adam Jones,BAL,CF,6368
2007,A.J. Pierzynski,CHW,C,746
2014,Alcides Escobar,KCR,SS,6310
2003,A.J. Pierzynski,MIN,C,746
2014,Mike Zunino,SEA,C,13265
2004,Ramon Hernandez,SDP,C,918
2013,John Buck,- - -,C,2041
2005,J.J. Hardy,MIL,SS,3797
2003,Rich Aurilia,SFG,SS,1106
2004,Luis Castillo,FLA,2B,513
2002,A.J. Pierzynski,MIN,C,746
2008,Jose Reyes,NYM,SS,1736
2005,Chris Snyder,ARI,C,4606
2002,Edgardo Alfonzo,NYM,3B,859
2005,Jason LaRue,CIN,C,337
2004,Jeff Kent,HOU,2B,1119
2007,Shane Victorino,PHI,RF,1677
2008,Yunel Escobar,ATL,SS,4191
2015,J.T. Realmuto,MIA,C,11739
2009,Melvin Upton Jr.,TBR,CF,5015
2005,Julio Lugo,TBD,SS,565
2015,A.J. Pollock,ARI,CF,9256
2007,David Wright,NYM,3B,3787
2009,Brandon Inge,DET,3B,470
2006,Russell Martin,LAD,C,4616
2002,Bengie Molina,ANA,C,24
2009,A.J. Pierzynski,CHW,C,746
2006,Austin Kearns,- - -,RF,332
2002,Mike Piazza,NYM,C,893
2002,Jim Edmonds,STL,CF,1153
2014,Trevor Plouffe,MIN,3B,7462
2016,Nolan Arenado,COL,3B,9777
2012,Erick Aybar,LAA,SS,4082
2004,Randy Winn,SEA,CF,1235
2005,Joe Mauer,MIN,C,1857
2007,Melvin Mora,BAL,3B,157
2005,Morgan Ensberg,HOU,3B,556
2016,Chase Headley,NYY,3B,4720
2015,Dee Gordon,MIA,2B,8203
2015,Ian Kinsler,DET,2B,6195
2003,Carl Crawford,TBD,LF,1201
2002,Chris Gomez,TBD,SS,1208
2011,Ben Zobrist,TBR,2B,7435
2009,Stephen Drew,ARI,SS,4251
2003,Orlando Cabrera,MON,SS,766
2008,Ryan Theriot,CHC,SS,3811
2016,Matt Wieters,BAL,C,4298
2003,Mike Matheny,STL,C,1169
2016,Wilson Ramos,WSN,C,1433
2002,David Bell,SFG,3B,1108
2005,John Buck,KCR,C,2041
2016,Danny Espinosa,WSN,SS,9219
2007,Ronny Paulino,PIT,C,2129
2009,Andy LaRoche,PIT,3B,6444
2013,Jhonny Peralta,DET,SS,1738
2007,Juan Uribe,CHW,SS,454
2008,David Wright,NYM,3B,3787
2011,Erick Aybar,LAA,SS,4082
2014,Todd Frazier,CIN,3B,785
2010,Casey Blake,LAD,3B,719
2011,Omar Infante,FLA,2B,1609
2014,Dioner Navarro,TOR,C,3179
2008,Troy Glaus,STL,3B,15
2010,Elvis Andrus,TEX,SS,8709
2011,Mark Ellis,- - -,2B,1443
2005,Mark Ellis,OAK,2B,1443
2003,David Eckstein,ANA,SS,10
2007,Alex Gordon,KCR,3B,5209
2010,Franklin Gutierrez,SEA,CF,3255
2004,Jason Varitek,BOS,C,217
2012,Aramis Ramirez,MIL,3B,1002
2015,James McCann,DET,C,12859
2006,Joe Mauer,MIN,C,1857
2016,Alcides Escobar,KCR,SS,6310
2005,Geoff Jenkins,MIL,RF,690
2007,Aaron Hill,TOR,2B,6104
2008,Geovany Soto,CHC,C,3707
2004,Carlos Lee,CHW,LF,243
2007,Yorvit Torrealba,COL,C,1135
2004,Ivan Rodriguez,DET,C,1275
2002,Michael Barrett,MON,C,762
2006,John Buck,KCR,C,2041
2015,Xander Bogaerts,BOS,SS,12161
2006,Morgan Ensberg,HOU,3B,556
2005,Brandon Inge,DET,3B,470
2004,Chad Tracy,ARI,3B,1888
2014,Carlos Gomez,MIL,CF,4881
2011,John Buck,FLA,C,2041
2013,A.J. Pierzynski,TEX,C,746
2012,Dustin Ackley,SEA,2B,10099
2004,Jim Edmonds,STL,CF,1153
2014,Ruben Tejada,NYM,SS,5519
2003,Julio Lugo,- - -,SS,565
2006,Paul Lo Duca,NYM,C,662
2008,Adam Jones,BAL,CF,6368
2007,Mark Grudzielanek,KCR,2B,653
2002,Jason LaRue,CIN,C,337
2007,Brian McCann,ATL,C,4810
2009,Yunel Escobar,ATL,SS,4191
2002,Dan Wilson,SEA,C,1102
2015,Buster Posey,SFG,C,9166
2005,Michael Barrett,CHC,C,762
2007,Austin Kearns,WSN,RF,332
2002,Michael Young,TEX,2B,1286
2006,Brian McCann,ATL,C,4810
2008,Shane Victorino,PHI,CF,1677
2008,Hanley Ramirez,FLA,SS,8001
2008,Chris Snyder,ARI,C,4606
2006,A.J. Pierzynski,CHW,C,746
2003,Mark Loretta,SDP,2B,1383
2015,Nolan Arenado,COL,3B,9777
2014,Nolan Arenado,COL,3B,9777
2009,Joe Mauer,MIN,C,1857
2003,Marlon Anderson,TBD,2B,947
2005,Ronnie Belliard,CLE,2B,677
2007,Ichiro Suzuki,SEA,CF,1101
2009,Clint Barmes,COL,2B,1830
2004,Richard Hidalgo,- - -,RF,561
2015,Jose Iglesias,DET,SS,10231
2008,Jason Bartlett,TBR,SS,8219
2006,Dan Uggla,FLA,2B,3442
2014,Brandon Crawford,SFG,SS,5343
2014,Jonathan Schoop,BAL,2B,11265
2010,Austin Jackson,DET,CF,9848
2012,Adrian Gonzalez,- - -,1B,1908
2004,Jorge Posada,NYY,C,841
2005,Jimmy Rollins,PHI,SS,971
2011,Darwin Barney,CHC,2B,2430
2008,Joe Mauer,MIN,C,1857
2005,Garrett Atkins,COL,3B,1790
2010,David Eckstein,SDP,2B,10
2010,Kurt Suzuki,OAK,C,8259
2014,Devin Mesoraco,CIN,C,5666
2013,Jarrod Saltalamacchia,BOS,C,5557
2004,Mike Matheny,STL,C,1169
2004,Javy Lopez,BAL,C,103
2006,Brian Anderson,CHW,CF,6144
2006,Edgar Renteria,ATL,SS,1178
2006,Yuniesky Betancourt,SEA,SS,8585
2008,Scott Rolen,TOR,3B,970
2012,Alex Gordon,KCR,LF,5209
2003,Vinny Castilla,ATL,3B,84
2014,Ian Desmond,WSN,SS,6885
2003,Marlon Byrd,PHI,CF,950
2012,A.J. Pierzynski,CHW,C,746
2010,Orlando Cabrera,CIN,SS,766
2014,Tyler Flowers,CHW,C,9134
2003,Nomar Garciaparra,BOS,SS,190
2016,Yasmani Grandal,LAD,C,11368
2006,Joey Gathright,- - -,CF,3913
2003,Mark Ellis,OAK,2B,1443
2006,Placido Polanco,DET,2B,1176
2010,Freddy Sanchez,SFG,2B,1624
2015,Elvis Andrus,TEX,SS,8709
2005,Brad Ausmus,HOU,C,546
2007,Jason Varitek,BOS,C,217
2007,Vernon Wells,TOR,CF,1326
2006,Michael Young,TEX,SS,1286
2015,Freddy Galvis,PHI,SS,6609
2002,Derek Jeter,NYY,SS,826
2012,Howie Kendrick,LAA,2B,4229
2013,Mark Ellis,LAD,2B,1443
2005,Jason Kendall,OAK,C,993
2004,Edgar Renteria,STL,SS,1178
2012,Russell Martin,NYY,C,4616
2009,Melvin Mora,BAL,3B,157
2003,Jason Kendall,PIT,C,993
2007,Aaron Rowand,PHI,CF,254
2014,Martin Prado,- - -,3B,3312
2008,Ivan Rodriguez,- - -,C,1275
2015,Kris Bryant,CHC,3B,15429
2015,Mike Zunino,SEA,C,13265
2012,Ichiro Suzuki,- - -,RF,1101
2016,Jackie Bradley Jr.,BOS,CF,12984
2005,Felipe Lopez,CIN,SS,1311
2010,Aaron Hill,TOR,2B,6104
2005,Carl Crawford,TBD,LF,1201
2005,Damian Miller,MIL,C,65
2005,Paul Lo Duca,FLA,C,662
2014,Jordy Mercer,PIT,SS,6547
2010,Ichiro Suzuki,SEA,RF,1101
2004,Hank Blalock,TEX,3B,1419
2009,Juan Rivera,LAA,LF,843
2004,Rod Barajas,TEX,C,45
2016,Jason Castro,HOU,C,8722
2002,Aaron Boone,CIN,3B,311
2014,Buster Posey,SFG,C,9166
2015,Jean Segura,MIL,SS,5933
2014,Christian Yelich,MIA,LF,11477
2015,Carlos Gomez,- - -,CF,4881
2010,Joe Mauer,MIN,C,1857
2011,Alex Gonzalez,ATL,SS,520
2015,Kole Calhoun,LAA,RF,11200
2006,David Eckstein,STL,SS,10
2014,Desmond Jennings,TBR,CF,1965
2002,Joe Randa,KCR,3B,623
2005,Melvin Mora,BAL,3B,157
2011,Shane Victorino,PHI,CF,1677
2015,Jordy Mercer,PIT,SS,6547
2006,Mike Lowell,BOS,3B,527
2007,Mike Lowell,BOS,3B,527
2015,Omar Infante,KCR,2B,1609
2013,Ichiro Suzuki,NYY,RF,1101
2004,Victor Martinez,CLE,C,393
2010,Alberto Callaspo,- - -,3B,3336
2011,Ryan Roberts,ARI,3B,5653
2012,Dan Uggla,ATL,2B,3442
2014,Jed Lowrie,OAK,SS,4418
2008,A.J. Pierzynski,CHW,C,746
2014,Jason Castro,HOU,C,8722
2014,Alexei Ramirez,CHW,SS,5133
2007,Khalil Greene,SDP,SS,1826
2013,Brandon Barnes,HOU,CF,629
2003,Travis Lee,TBD,1B,958
2002,Orlando Cabrera,MON,SS,766
2012,Brett Lawrie,TOR,3B,5247
2008,Derek Jeter,NYY,SS,826
2007,Paul Lo Duca,NYM,C,662
2012,Carlos Gomez,MIL,CF,4881
2010,Chris Young,ARI,CF,3882
2005,Tadahito Iguchi,CHW,2B,8581
2003,Ramon Vazquez,SDP,SS,1058
2003,Barry Bonds,SFG,LF,1109
2011,Yunel Escobar,TOR,SS,4191
2016,Kyle Seager,SEA,3B,9785
2016,Josh Donaldson,TOR,3B,5038
2005,Jose Guillen,WSN,RF,57
2007,Jack Wilson,PIT,SS,1017
2015,Jason Kipnis,CLE,2B,9776
2009,Brandon Phillips,CIN,2B,791
2011,Jason Bartlett,SDP,SS,8219
2009,Hanley Ramirez,FLA,SS,8001
2004,Derek Jeter,NYY,SS,826
2006,Ryan Zimmerman,WSN,3B,4220
2014,Brad Miller,SEA,SS,12775
2004,Mark Kotsay,OAK,CF,1042
2013,Miguel Montero,ARI,C,3364
2014,Anthony Rendon,WSN,3B,12861
2016,Odubel Herrera,PHI,CF,11476
2003,Kenny Lofton,- - -,CF,246
2015,Yolmer Sanchez,CHW,2B,11602
2012,Cameron Maybin,SDP,CF,5223
2009,Scott Rolen,- - -,3B,970
2014,Adrian Beltre,TEX,3B,639
2003,Lance Berkman,HOU,LF,548
2004,Sean Burroughs,SDP,3B,1021
2007,Rafael Furcal,LAD,SS,88
2012,Martin Prado,ATL,LF,3312
2003,Luis Matos,BAL,CF,152
2003,Jose Cruz,SFG,RF,1296
2006,Johnny Estrada,ARI,C,955
2016,Stephen Vogt,OAK,C,5000
2015,Starlin Castro,CHC,SS,4579
2012,Ruben Tejada,NYM,SS,5519
2011,Marco Scutaro,BOS,SS,1555
2012,Alfonso Soriano,CHC,LF,847
2016,Cameron Rupp,PHI,C,11146
2010,Victor Martinez,BOS,C,393
2007,Julio Lugo,BOS,SS,565
2013,David Murphy,TEX,LF,6035
2016,Leonys Martin,SEA,CF,11846
2004,A.J. Pierzynski,SFG,C,746
2003,Royce Clayton,MIL,SS,226
2005,Corey Patterson,CHC,CF,300
2004,Brad Ausmus,HOU,C,546
2007,Freddy Sanchez,PIT,2B,1624
2004,Alex Cora,LAD,2B,1386
2011,Andrew McCutchen,PIT,CF,9847
2003,Moises Alou,CHC,LF,261
2010,Juan Pierre,CHW,LF,443
2014,Miguel Montero,ARI,C,3364
2009,Marco Scutaro,TOR,SS,1555
2014,Pablo Sandoval,SFG,3B,5409
2009,Edgar Renteria,SFG,SS,1178
2004,Omar Vizquel,CLE,SS,411
2016,Martin Prado,MIA,3B,3312
2012,Austin Jackson,DET,CF,9848
2009,Matt Kemp,LAD,CF,5631
2008,Jhonny Peralta,CLE,SS,1738
2012,Torii Hunter,LAA,RF,731
2015,Jose Altuve,HOU,2B,5417
2008,Ramon Hernandez,BAL,C,918
2009,J.D. Drew,BOS,RF,1152
2009,Russell Martin,LAD,C,4616
2008,Cristian Guzman,WSN,SS,728
2004,Mike Lieberthal,PHI,C,959
2011,Alex Gordon,KCR,LF,5209
2013,David Wright,NYM,3B,3787
2016,Derek Norris,SDP,C,6867
2007,Dustin Pedroia,BOS,2B,8370
2012,Jon Jay,STL,CF,5227
2003,Sean Burroughs,SDP,3B,1021
2011,Gerardo Parra,ARI,LF,8553
2012,Desmond Jennings,TBR,LF,1965
2013,Jean Segura,MIL,SS,5933
2005,Gregg Zaun,TOR,C,580
2003,Bobby Abreu,PHI,RF,945
2008,Freddy Sanchez,PIT,2B,1624
2012,David Murphy,TEX,LF,6035
2003,Garret Anderson,ANA,LF,2
2007,Dioner Navarro,TBD,C,3179
2007,Bill Hall,MIL,CF,1605
2005,Vernon Wells,TOR,CF,1326
2015,Juan Lagares,NYM,CF,5384
2009,Hunter Pence,HOU,RF,8252
2002,Torii Hunter,MIN,CF,731
2008,Edgar Renteria,DET,SS,1178
2003,Brandon Phillips,CLE,2B,791
2007,Carlos Beltran,NYM,CF,589
2004,Brian Roberts,BAL,2B,166
2011,Gordon Beckham,CHW,2B,9015
2004,Juan Encarnacion,- - -,RF,320
2002,Brent Abernathy,TBD,2B,1192
2011,David DeJesus,OAK,RF,1825
2008,Akinori Iwamura,TBR,2B,7781
2004,Johnny Estrada,ATL,C,955
2008,Hunter Pence,HOU,RF,8252
2008,Nick Markakis,BAL,RF,5930
2005,Joe Crede,CHW,3B,227
2008,Chipper Jones,ATL,3B,97
2013,Starling Marte,PIT,LF,9241
2010,Ian Kinsler,TEX,2B,6195
2015,Kyle Seager,SEA,3B,9785
2003,Casey Blake,CLE,3B,719
2007,Ronnie Belliard,WSN,2B,677
2015,A.J. Pierzynski,ATL,C,746
2004,Scott Podsednik,MIL,CF,1095
2002,Adam Kennedy,ANA,2B,19
2014,Kurt Suzuki,MIN,C,8259
2004,Ronnie Belliard,CLE,2B,677
2009,Miguel Montero,ARI,C,3364
2004,Royce Clayton,COL,SS,226
2005,Jose Reyes,NYM,SS,1736
2016,Carlos Correa,HOU,SS,14162
2014,Jarrod Saltalamacchia,MIA,C,5557
2006,Brad Ausmus,HOU,C,546
2009,Freddy Sanchez,- - -,2B,1624
2009,Dioner Navarro,TBR,C,3179
2014,Mike Moustakas,KCR,3B,4892
2002,Eric Hinske,TOR,3B,1305
2005,Cesar Izturis,LAD,SS,656
2005,Mike Lieberthal,PHI,C,959
2006,Orlando Cabrera,LAA,SS,766
2004,Corey Koskie,MIN,3B,738
2002,Johnny Damon,BOS,CF,185
2014,Yoenis Cespedes,- - -,LF,13110
2016,Yadier Molina,STL,C,7007
2004,Tony Womack,STL,2B,78
2012,Jason Kipnis,CLE,2B,9776
2009,Nelson Cruz,TEX,RF,2434
2004,Raul Ibanez,SEA,LF,607
2013,Howie Kendrick,LAA,2B,4229
2006,Carl Crawford,TBD,LF,1201
2007,Akinori Iwamura,TBD,3B,7781
2004,Michael Barrett,CHC,C,762
2006,Alex Rios,TOR,RF,2090
2015,Jace Peterson,ATL,2B,12325
2008,Michael Bourn,HOU,CF,6387
2004,Khalil Greene,SDP,SS,1826
2016,Xander Bogaerts,BOS,SS,12161
2009,Jason Varitek,BOS,C,217
2015,Aramis Ramirez,- - -,3B,1002
2016,Adam Duvall,CIN,LF,10950
2008,Ryan Zimmerman,WSN,3B,4220
2012,Jose Reyes,MIA,SS,1736
2002,Robin Ventura,NYY,3B,854
2012,David Freese,STL,3B,9549
2003,Mike Lowell,FLA,3B,527
2015,Brandon Phillips,CIN,2B,791
2005,Alex Gonzalez,FLA,SS,520
2013,Jimmy Rollins,PHI,SS,971
2011,Marlon Byrd,CHC,CF,950
2010,John Buck,TOR,C,2041
2003,Preston Wilson,COL,CF,545
2003,Mark Teixeira,TEX,1B,1281
2013,Starlin Castro,CHC,SS,4579
2008,Kevin Kouzmanoff,SDP,3B,5995
2011,Melvin Upton Jr.,TBR,CF,5015
2004,Tike Redman,PIT,CF,1003
2011,Jason Heyward,ATL,RF,4940
2010,Brandon Inge,DET,3B,470
2007,John Buck,KCR,C,2041
2008,Melky Cabrera,NYY,CF,4022
2016,Robinson Cano,SEA,2B,3269
2006,Adam Kennedy,LAA,2B,19
2013,J.P. Arencibia,TOR,C,697
2002,Juan Uribe,COL,SS,454
2005,Cristian Guzman,WSN,SS,728
2010,Rickie Weeks Jr.,MIL,2B,1849
2003,Tony Batista,BAL,3B,124
2016,Didi Gregorius,NYY,SS,6012
2012,Giancarlo Stanton,MIA,RF,4949
2003,Mike Lieberthal,PHI,C,959
2015,Trevor Plouffe,MIN,3B,7462
2002,Jeff Kent,SFG,2B,1119
2012,Gordon Beckham,CHW,2B,9015
2013,Omar Infante,DET,2B,1609
2006,Josh Barfield,SDP,2B,3622
2005,Ray Durham,SFG,2B,230
2011,Danny Espinosa,WSN,2B,9219
2015,Mike Moustakas,KCR,3B,4892
2012,Andres Torres,NYM,CF,1488
2002,Omar Vizquel,CLE,SS,411
2015,Brian Dozier,MIN,2B,9810
2003,Cristian Guzman,MIN,SS,728
2011,A.J. Pierzynski,CHW,C,746
2011,Rickie Weeks Jr.,MIL,2B,1849
2002,Jimmy Rollins,PHI,SS,971
2011,Kelly Johnson,- - -,2B,2234
2003,Orlando Hudson,TOR,2B,1307
2006,Craig Biggio,HOU,2B,549
2010,Starlin Castro,CHC,SS,4579
2007,Juan Pierre,LAD,CF,443
2007,Jorge Posada,NYY,C,841
2015,Mookie Betts,BOS,CF,13611
2005,Justin Morneau,MIN,1B,1737
2007,Casey Kotchman,LAA,1B,1930
2010,Shane Victorino,PHI,CF,1677
2005,Mike Lowell,FLA,3B,527
2007,Mark Teahen,KCR,RF,4511
2006,Luis Castillo,MIN,2B,513
2013,Chris Iannetta,LAA,C,8267
2011,Vernon Wells,LAA,LF,1326
2007,Eric Byrnes,ARI,LF,905
2016,Marcus Semien,OAK,SS,12533
2015,Kurt Suzuki,MIN,C,8259
2013,Jedd Gyorko,SDP,2B,10816
2002,Reggie Sanders,SFG,RF,1129
2013,Chase Utley,PHI,2B,1679
2002,Luis Gonzalez,ARI,LF,55
2005,Jason Varitek,BOS,C,217
2015,Ian Desmond,WSN,SS,6885
2004,Torii Hunter,MIN,CF,731
2010,Erick Aybar,LAA,SS,4082
2007,Chipper Jones,ATL,3B,97
2010,Alex Rios,CHW,CF,2090
2015,Logan Forsythe,TBR,2B,7185
2016,Joc Pederson,LAD,CF,11899
2002,Adam Dunn,CIN,LF,319
2016,Alex Gordon,KCR,LF,5209
2007,Luis Castillo,- - -,2B,513
2012,Kyle Seager,SEA,3B,9785
2016,Russell Martin,TOR,C,4616
2013,Robinson Cano,NYY,2B,3269
2014,Marcell Ozuna,MIA,CF,10324
2002,Dave Roberts,LAD,CF,670
2006,Angel Berroa,KCR,SS,591
2008,Dan Uggla,FLA,2B,3442
2004,Joe Crede,CHW,3B,227
2014,David Wright,NYM,3B,3787
2016,Josh Harrison,PIT,2B,8202
2010,Mark Reynolds,ARI,3B,7619
2007,Brian Roberts,BAL,2B,166
2009,Mark Ellis,OAK,2B,1443
2002,Craig Biggio,HOU,2B,549
2003,Endy Chavez,MON,CF,768
2008,Ryan Doumit,PIT,C,2113
2009,Felipe Lopez,- - -,2B,1311
2005,Miguel Tejada,BAL,SS,941
2016,Eugenio Suarez,CIN,3B,12552
2006,Gary Matthews Jr.,TEX,CF,153
2011,Jonathan Lucroy,MIL,C,7870
2002,Lance Berkman,HOU,CF,548
2003,Aramis Ramirez,- - -,3B,1002
2006,David Bell,- - -,3B,1108
2013,Jay Bruce,CIN,RF,9892
2009,Nate McLouth,- - -,CF,3190
2007,Troy Glaus,TOR,3B,15
2015,DJ LeMahieu,COL,2B,9874
2016,Evan Longoria,TBR,3B,9368
2010,Ronny Cedeno,PIT,SS,2179
2005,Nick Johnson,WSN,1B,828
2016,Dexter Fowler,CHC,CF,4062
2007,Brad Ausmus,HOU,C,546
2012,Aaron Hill,ARI,2B,6104
2010,Melvin Upton Jr.,TBR,CF,5015
2016,Jacoby Ellsbury,NYY,CF,4727
2013,Melvin Upton Jr.,ATL,CF,5015
2010,Drew Stubbs,CIN,CF,9328
2009,Bengie Molina,SFG,C,24
2012,Angel Pagan,SFG,CF,2918
2007,Corey Patterson,BAL,CF,300
2016,Chase Utley,LAD,2B,1679
2007,Magglio Ordonez,DET,RF,248
2015,Kolten Wong,STL,2B,12532
2014,Jacoby Ellsbury,NYY,CF,4727
2007,Grady Sizemore,CLE,CF,2197
2008,Chris Young,ARI,CF,3882
2013,Wilin Rosario,COL,C,8002
2006,Jose Lopez,SEA,2B,3114
2015,Mike Trout,LAA,CF,10155
2004,Geoff Jenkins,MIL,LF,690
2012,Colby Rasmus,TOR,CF,9893
2014,Elvis Andrus,TEX,SS,8709
2016,Starling Marte,PIT,LF,9241
2007,Alex Rios,TOR,RF,2090
2011,Aaron Hill,- - -,2B,6104
2016,Brian Dozier,MIN,2B,9810
2003,Alex Cora,LAD,2B,1386
2011,Brent Morel,CHW,3B,6402
2008,John Buck,KCR,C,2041
2006,Aaron Rowand,PHI,CF,254
2011,Ian Desmond,WSN,SS,6885
2010,Nyjer Morgan,WSN,CF,4885
2014,Starlin Castro,CHC,SS,4579
2002,Junior Spivey,ARI,2B,74
2008,Placido Polanco,DET,2B,1176
2014,Jean Segura,MIL,SS,5933
2007,Yuniesky Betancourt,SEA,SS,8585
2011,Alex Avila,DET,C,7476
2016,Bryce Harper,WSN,RF,11579
2007,David DeJesus,KCR,CF,1825
2009,Jose Lopez,SEA,2B,3114
2010,Derek Jeter,NYY,SS,826
2011,Jose Reyes,NYM,SS,1736
2009,Ichiro Suzuki,SEA,RF,1101
2014,David Freese,LAA,3B,9549
2006,Jack Wilson,PIT,SS,1017
2004,Rocco Baldelli,TBD,CF,1656
2008,Michael Young,TEX,SS,1286
2004,Carlos Beltran,- - -,CF,589
2004,Vinny Castilla,COL,3B,84
2008,Lance Berkman,HOU,1B,548
2002,Chris Singleton,BAL,CF,170
2002,Steve Finley,ARI,CF,54
2003,Angel Berroa,KCR,SS,591
2008,Mark Teixeira,- - -,1B,1281
2014,Evan Longoria,TBR,3B,9368
2003,Mark Grudzielanek,CHC,2B,653
2002,Jack Wilson,PIT,SS,1017
2004,Carlos Guillen,DET,SS,1079
2010,Marco Scutaro,BOS,SS,1555
2013,Pedro Alvarez,PIT,3B,2495
2003,Joe Randa,KCR,3B,623
2010,Robinson Cano,NYY,2B,3269
2006,Ronny Cedeno,CHC,SS,2179
2002,Eric Young,MIL,2B,716
2012,Ian Kinsler,TEX,2B,6195
2009,Kaz Matsui,HOU,2B,1854
2014,Aramis Ramirez,MIL,3B,1002
2016,Mike Trout,LAA,CF,10155
2015,David Freese,LAA,3B,9549
2014,Dustin Ackley,SEA,LF,10099
2007,Jason Kendall,- - -,C,993
2011,Nick Swisher,NYY,RF,4599
2012,Mark Teixeira,NYY,1B,1281
2002,Doug Mientkiewicz,MIN,1B,741
2015,Starling Marte,PIT,LF,9241
2016,Asdrubal Cabrera,NYM,SS,4962
2006,Ray Durham,SFG,2B,230
2003,Benito Santiago,SFG,C,1130
2004,Orlando Cabrera,- - -,SS,766
2013,Mike Trout,LAA,CF,10155
2013,Coco Crisp,OAK,CF,1572
2009,Justin Upton,ARI,RF,5222
2010,Pablo Sandoval,SFG,3B,5409
2003,Derek Jeter,NYY,SS,826
2004,Mark Loretta,SDP,2B,1383
2005,Vinny Castilla,WSN,3B,84
2013,Alex Gordon,KCR,LF,5209
2014,Matt Carpenter,STL,3B,8090
2008,Bill Hall,MIL,3B,1605
2002,Alex Gonzalez,CHC,SS,281
2014,Scooter Gennett,MIL,2B,10339
2013,Brett Gardner,NYY,CF,9927
2007,Miguel Tejada,BAL,SS,941
2012,Michael Brantley,CLE,CF,4106
2010,Jose Reyes,NYM,SS,1736
2015,Rougned Odor,TEX,2B,12282
2002,Ichiro Suzuki,SEA,RF,1101
2002,Randy Winn,TBD,CF,1235
2003,Jeff Kent,HOU,2B,1119
2002,Scott Spiezio,ANA,1B,37
2013,Michael Bourn,CLE,CF,6387
2016,Maikel Franco,PHI,3B,12179
2013,Brian Dozier,MIN,2B,9810
2010,Ryan Theriot,- - -,2B,3811
2012,Ryan Zimmerman,WSN,3B,4220
2006,Mike Cameron,SDP,CF,1070
2016,Gregory Polanco,PIT,RF,12907
2010,Jeff Keppinger,HOU,2B,3856
2011,Cliff Pennington,OAK,SS,3395
2002,Bret Boone,SEA,2B,1067
2008,Brian Roberts,BAL,2B,166
2002,Fernando Vina,STL,2B,1189
2010,Alex Rodriguez,NYY,3B,1274
2004,Jermaine Dye,OAK,RF,911
2007,Geoff Jenkins,MIL,LF,690
2007,Adrian Beltre,SEA,3B,639
2009,Curtis Granderson,DET,CF,4747
2007,Jose Lopez,SEA,2B,3114
2006,Nick Markakis,BAL,RF,5930
2009,Cristian Guzman,WSN,SS,728
2005,Royce Clayton,ARI,SS,226
2013,Alfonso Soriano,- - -,LF,847
2005,Juan Pierre,FLA,CF,443
2013,Adrian Beltre,TEX,3B,639
2003,Carlos Lee,CHW,LF,243
2008,Melvin Mora,BAL,3B,157
2015,J.D. Martinez,DET,RF,6184
2013,Marco Scutaro,SFG,2B,1555
2002,Deivi Cruz,SDP,SS,1025
2005,Scott Podsednik,CHW,LF,1095
2013,Ian Kinsler,TEX,2B,6195
2011,Justin Upton,ARI,RF,5222
2002,Roberto Alomar,NYM,2B,860
2006,Steve Finley,SFG,CF,54
2003,Edgardo Alfonzo,SFG,3B,859
2007,Edgar Renteria,ATL,SS,1178
2005,Khalil Greene,SDP,SS,1826
2016,Ben Zobrist,CHC,2B,7435
2014,Casey McGehee,MIA,3B,6086
2016,Randal Grichuk,STL,CF,10243
2002,Vinny Castilla,ATL,3B,84
2005,Alex Rios,TOR,RF,2090
2006,Royce Clayton,- - -,SS,226
2006,Dave Roberts,SDP,LF,670
2014,Travis d'Arnaud,NYM,C,7739
2005,Mark Loretta,SDP,2B,1383
2012,Neil Walker,PIT,2B,7539
2014,Nori Aoki,KCR,RF,13075
2013,Neil Walker,PIT,2B,7539
2012,Alejandro De Aza,CHW,CF,3371
2003,Aaron Boone,- - -,3B,311
2015,Dexter Fowler,CHC,CF,4062
2013,Jose Bautista,TOR,RF,1887
2010,Gordon Beckham,CHW,2B,9015
2015,Alexei Ramirez,CHW,SS,5133
2009,Jhonny Peralta,CLE,3B,1738
2009,Jason Bartlett,TBR,SS,8219
2008,Kosuke Fukudome,CHC,RF,3263
2006,Victor Martinez,CLE,C,393
2011,Adrian Gonzalez,BOS,1B,1908
2004,Rafael Furcal,ATL,SS,88
2008,Casey Kotchman,- - -,1B,1930
2009,Andrew McCutchen,PIT,CF,9847
2010,Matt Holliday,STL,LF,1873
2010,Daric Barton,OAK,1B,5928
2009,Torii Hunter,LAA,CF,731
2014,Kole Calhoun,LAA,RF,11200
2013,Matt Carpenter,STL,2B,8090
2009,Jayson Werth,PHI,RF,1327
2005,Vladimir Guerrero,LAA,RF,778
2013,Mike Napoli,BOS,1B,3057
2011,Andre Ethier,LAD,RF,6265
2005,Jhonny Peralta,CLE,SS,1738
2003,Trot Nixon,BOS,RF,204
2014,Alejandro De Aza,- - -,LF,3371
2002,Todd Helton,COL,1B,432
2004,Placido Polanco,PHI,2B,1176
2005,Brady Clark,MIL,CF,1398
2014,Melvin Upton Jr.,ATL,CF,5015
2016,Kole Calhoun,LAA,RF,11200
2004,Mike Lowell,FLA,3B,527
2015,Gregory Polanco,PIT,RF,12907
2013,Jose Altuve,HOU,2B,5417
2005,Darin Erstad,LAA,1B,11
2016,Adonis Garcia,ATL,3B,13777
2016,Jonathan Schoop,BAL,2B,11265
2008,Khalil Greene,SDP,SS,1826
2003,D'Angelo Jimenez,- - -,2B,1038
2014,Gordon Beckham,- - -,2B,9015
2012,Melvin Upton Jr.,TBR,CF,5015
2014,Jose Reyes,TOR,SS,1736
2004,Darin Erstad,ANA,1B,11
2007,Orlando Hudson,ARI,2B,1307
2011,Yuniesky Betancourt,MIL,SS,8585
2015,Asdrubal Cabrera,TBR,SS,4962
2007,Alex Rodriguez,NYY,3B,1274
2016,Brandon Phillips,CIN,2B,791
2002,Moises Alou,CHC,LF,261
2010,Shin-Soo Choo,CLE,RF,3174
2008,Joey Votto,CIN,1B,4314
2012,Shane Victorino,- - -,CF,1677
2006,Coco Crisp,BOS,CF,1572
2013,Matt Dominguez,HOU,3B,4903
2006,Albert Pujols,STL,1B,1177
2007,Casey Blake,CLE,3B,719
2005,Alex Rodriguez,NYY,3B,1274
2006,Brandon Phillips,CIN,2B,791
2014,Jedd Gyorko,SDP,2B,10816
2002,Todd Walker,CIN,2B,359
2004,Mark Teixeira,TEX,1B,1281
2004,Sammy Sosa,CHC,RF,302
2004,Morgan Ensberg,HOU,3B,556
2006,Garrett Atkins,COL,3B,1790
2015,Alex Rios,KCR,RF,2090
2016,Jean Segura,ARI,2B,5933
2012,Robert Andino,BAL,2B,4900
2012,Everth Cabrera,SDP,SS,8155
2005,Nick Swisher,OAK,RF,4599
2015,Erick Aybar,LAA,SS,4082
2011,Starlin Castro,CHC,SS,4579
2004,Endy Chavez,MON,CF,768
2002,Jeromy Burnitz,NYM,RF,867
2013,Dexter Fowler,COL,CF,4062
2011,Robinson Cano,NYY,2B,3269
2015,Jimmy Rollins,LAD,SS,971
2015,Brandon Belt,SFG,1B,10264
2013,Mark Trumbo,LAA,1B,6876
2008,Fred Lewis,SFG,LF,4693
2013,Erick Aybar,LAA,SS,4082
2006,Jeff Francoeur,ATL,RF,4792
2014,Omar Infante,KCR,2B,1609
2007,Kevin Youkilis,BOS,1B,1935
2008,Aramis Ramirez,CHC,3B,1002
2009,Robinson Cano,NYY,2B,3269
2007,Torii Hunter,MIN,CF,731
2002,Terrence Long,OAK,CF,927
2010,Justin Upton,ARI,RF,5222
2010,Ike Davis,NYM,1B,8433
2009,David Eckstein,SDP,2B,10
2002,Sean Casey,CIN,1B,314
2002,Eric Karros,LAD,1B,659
2006,Alfonso Soriano,WSN,LF,847
2015,Jhonny Peralta,STL,SS,1738
2006,Aramis Ramirez,CHC,3B,1002
2002,Tony Womack,ARI,SS,78
2009,Brian Roberts,BAL,2B,166
2014,Nick Markakis,BAL,RF,5930
2002,Carlos Guillen,SEA,SS,1079
2008,Albert Pujols,STL,1B,1177
2007,Rickie Weeks Jr.,MIL,2B,1849
2005,Carlos Beltran,NYM,CF,589
2015,Marcell Ozuna,MIA,CF,10324
2003,Raul Mondesi,- - -,RF,1314
2006,Ronnie Belliard,- - -,2B,677
2006,Derek Jeter,NYY,SS,826
2009,Orlando Hudson,LAD,2B,1307
2005,Casey Blake,CLE,RF,719
2015,Chase Headley,NYY,3B,4720
2011,Kevin Youkilis,BOS,3B,1935
2007,Kevin Kouzmanoff,SDP,3B,5995
2014,Jose Bautista,TOR,RF,1887
2007,Johnny Estrada,MIL,C,955
2016,Logan Forsythe,TBR,2B,7185
2004,Aaron Miles,COL,2B,1844
2013,Conor Gillaspie,CHW,3B,9009
2012,James Loney,- - -,1B,4556
2015,Curtis Granderson,NYM,RF,4747
2010,Alfonso Soriano,CHC,LF,847
2002,Preston Wilson,FLA,CF,545
2002,Vladimir Guerrero,MON,RF,778
2016,DJ LeMahieu,COL,2B,9874
2003,Marquis Grissom,SFG,CF,652
2010,Jason Heyward,ATL,RF,4940
2016,Angel Pagan,SFG,LF,2918
2003,Rafael Furcal,ATL,SS,88
2004,Edgardo Alfonzo,SFG,3B,859
2007,Josh Bard,SDP,C,1578
2008,Jose Lopez,SEA,2B,3114
2011,Mark Teixeira,NYY,1B,1281
2016,Steven Souza Jr.,TBR,RF,5667
2002,Barry Larkin,CIN,SS,335
2011,Drew Stubbs,CIN,CF,9328
2002,Andy Fox,FLA,SS,1379
2014,Dee Gordon,LAD,2B,8203
2016,Jose Altuve,HOU,2B,5417
2008,Rickie Weeks Jr.,MIL,2B,1849
2007,Nick Markakis,BAL,RF,5930
2003,Eric Chavez,OAK,3B,906
2004,Juan Pierre,FLA,CF,443
2005,Luis Gonzalez,ARI,LF,55
2004,Tony Batista,MON,3B,124
2013,Kyle Seager,SEA,3B,9785
2014,Chris Johnson,ATL,3B,1191
2011,Derek Jeter,NYY,SS,826
2002,Kenny Lofton,- - -,CF,246
2011,Miguel Olivo,SEA,C,1638
2003,Doug Mientkiewicz,MIN,1B,741
2002,Barry Bonds,SFG,LF,1109
2011,Orlando Hudson,SDP,2B,1307
2002,Trot Nixon,BOS,RF,204
2015,Jose Reyes,- - -,SS,1736
2004,Jose Cruz,TBD,RF,1296
2012,Nick Swisher,NYY,RF,4599
2008,Alex Gordon,KCR,3B,5209
2010,Adam Jones,BAL,CF,6368
2013,Jed Lowrie,OAK,SS,4418
2005,David Eckstein,STL,SS,10
2014,Adam Eaton,CHW,CF,11205
2014,Robinson Cano,SEA,2B,3269
2008,Alex Rodriguez,NYY,3B,1274
2016,George Springer,HOU,RF,12856
2015,Jacoby Ellsbury,NYY,CF,4727
2011,J.P. Arencibia,TOR,C,697
2016,Marcell Ozuna,MIA,CF,10324
2010,Casey McGehee,MIL,3B,6086
2006,Brady Clark,MIL,CF,1398
2010,Jeff Francoeur,- - -,RF,4792
2012,Asdrubal Cabrera,CLE,SS,4962
2006,Miguel Cabrera,FLA,3B,1744
2003,Larry Walker,COL,RF,455
2002,Marlon Anderson,PHI,2B,947
2016,Todd Frazier,CHW,3B,785
2003,John Olerud,SEA,1B,1093
2002,Nomar Garciaparra,BOS,SS,190
2003,Steve Finley,ARI,CF,54
2010,Ian Stewart,COL,3B,5950
2013,Austin Jackson,DET,CF,9848
2006,Melky Cabrera,NYY,LF,4022
2015,Joc Pederson,LAD,CF,11899
2011,Alfonso Soriano,CHC,LF,847
2004,Marco Scutaro,OAK,2B,1555
2013,Hunter Pence,SFG,RF,8252
2006,Chad Tracy,ARI,3B,1888
2005,Edgar Renteria,BOS,SS,1178
2005,Aaron Boone,CLE,3B,311
2002,Larry Walker,COL,RF,455
2014,Luis Valbuena,CHC,3B,4969
2016,Melvin Upton Jr.,- - -,LF,5015
2012,Michael Saunders,SEA,CF,9981
2016,Jordy Mercer,PIT,SS,6547
2012,Joey Votto,CIN,1B,4314
2009,Pablo Sandoval,SFG,3B,5409
2004,Eric Hinske,TOR,3B,1305
2012,Ryan Braun,MIL,LF,3410
2005,Ichiro Suzuki,SEA,RF,1101
2002,Chris Truby,- - -,3B,799
2007,Todd Helton,COL,1B,432
2014,Adeiny Hechavarria,MIA,SS,10459
2015,Andrew McCutchen,PIT,CF,9847
2007,Felipe Lopez,WSN,SS,1311
2007,Tadahito Iguchi,- - -,2B,8581
2006,Rafael Furcal,LAD,SS,88
2004,Alex Cintron,ARI,SS,50
2008,Casey Blake,- - -,3B,719
2006,Mark Teahen,KCR,3B,4511
2013,Adeiny Hechavarria,MIA,SS,10459
2003,Alfonso Soriano,NYY,2B,847
2002,Troy Glaus,ANA,3B,15
2010,Ian Desmond,WSN,SS,6885
2003,Michael Young,TEX,2B,1286
2012,Carlos Beltran,STL,RF,589
2006,Scott Podsednik,CHW,LF,1095
2002,Richard Hidalgo,HOU,RF,561
2014,Derek Jeter,NYY,SS,826
2014,Albert Pujols,LAA,1B,1177
2006,Mark Loretta,BOS,2B,1383
2014,Denard Span,WSN,CF,8347
2011,Matt Kemp,LAD,CF,5631
2007,Delmon Young,TBD,RF,2140
2007,Matt Holliday,COL,LF,1873
2003,Randy Winn,SEA,LF,1235
2008,Willy Taveras,COL,CF,1876
2007,Ray Durham,SFG,2B,230
2016,Hunter Pence,SFG,RF,8252
2006,Troy Glaus,TOR,3B,15
2004,Ray Durham,SFG,2B,230
2005,Luis Matos,BAL,CF,152
2009,Aaron Hill,TOR,2B,6104
2005,Aramis Ramirez,CHC,3B,1002
2013,Daniel Murphy,NYM,2B,4316
2006,Hanley Ramirez,FLA,SS,8001
2005,Angel Berroa,KCR,SS,591
2007,Miguel Cabrera,FLA,3B,1744
2005,David Wright,NYM,3B,3787
2014,Brian Dozier,MIN,2B,9810
2010,Dexter Fowler,COL,CF,4062
2011,Todd Helton,COL,1B,432
2011,Neil Walker,PIT,2B,7539
2016,Brett Gardner,NYY,LF,9927
2013,Pablo Sandoval,SFG,3B,5409
2007,Josh Barfield,CLE,2B,3622
2011,Curtis Granderson,NYY,CF,4747
2006,J.D. Drew,LAD,RF,1152
2015,Howie Kendrick,LAD,2B,4229
2006,Kevin Youkilis,BOS,1B,1935
2006,Brian Giles,SDP,RF,990
2014,Khris Davis,MIL,LF,9112
2007,Kelly Johnson,ATL,2B,2234
2008,Kevin Youkilis,BOS,1B,1935
2010,Blake DeWitt,- - -,2B,7485
2016,Mitch Moreland,TEX,1B,3086
2003,Jose Vidro,MON,2B,802
2005,Matt Holliday,COL,LF,1873
2003,Johnny Damon,BOS,CF,185
2011,Coco Crisp,OAK,CF,1572
2010,Michael Young,TEX,3B,1286
2016,Stephen Piscotty,STL,RF,13367
2006,Orlando Hudson,ARI,2B,1307
2004,Mark Bellhorn,BOS,2B,264
2008,Ian Kinsler,TEX,2B,6195
2010,Nick Swisher,NYY,RF,4599
2016,Ian Desmond,TEX,CF,6885
2003,Rocco Baldelli,TBD,CF,1656
2002,Herbert Perry,TEX,3B,1270
2013,Nate McLouth,BAL,LF,3190
2004,Pat Burrell,PHI,LF,949
2014,Marlon Byrd,PHI,RF,950
2002,Luis Castillo,FLA,2B,513
2016,Wil Myers,SDP,1B,10047
2009,Raul Ibanez,PHI,LF,607
2007,Marcus Giles,SDP,2B,89
2011,Dexter Fowler,COL,CF,4062
2014,Justin Morneau,COL,1B,1737
2014,Mark Teixeira,NYY,1B,1281
2014,Mike Napoli,BOS,1B,3057
2010,Hanley Ramirez,FLA,SS,8001
2002,Travis Lee,PHI,1B,958
2014,Brett Gardner,NYY,LF,9927
2003,Roberto Alomar,- - -,2B,860
2002,Corey Patterson,CHC,CF,300
2012,Albert Pujols,LAA,1B,1177
2015,Matt Carpenter,STL,3B,8090
2005,Kevin Mench,TEX,LF,1261
2013,Alex Rios,- - -,RF,2090
2010,J.D. Drew,BOS,RF,1152
2008,Matt Holliday,COL,LF,1873
2009,Matt Holliday,- - -,LF,1873
2003,Miguel Tejada,OAK,SS,941
2015,Marcus Semien,OAK,SS,12533
2014,Starling Marte,PIT,LF,9241
2015,Billy Burns,OAK,CF,12701
2014,Hunter Pence,SFG,RF,8252
2011,Matt Holliday,STL,LF,1873
2013,Nori Aoki,MIL,RF,13075
2005,Dave Roberts,SDP,CF,670
2014,Gerardo Parra,- - -,RF,8553
2004,Ty Wigginton,- - -,3B,1491
2002,Vernon Wells,TOR,CF,1326
2014,Daniel Murphy,NYM,2B,4316
2014,Rougned Odor,TEX,2B,12282
2011,Corey Hart,MIL,RF,1945
2011,Jayson Werth,WSN,RF,1327
2004,Barry Bonds,SFG,LF,1109
2004,John Olerud,- - -,1B,1093
2012,Marco Scutaro,- - -,2B,1555
2016,Aledmys Diaz,STL,SS,15937
2013,Desmond Jennings,TBR,CF,1965
2016,Christian Yelich,MIA,LF,11477
2007,J.D. Drew,BOS,RF,1152
2015,Freddie Freeman,ATL,1B,5361
2014,Anthony Rizzo,CHC,1B,3473
2008,Ryan Braun,MIL,LF,3410
2006,Lance Berkman,HOU,1B,548
2002,Aramis Ramirez,PIT,3B,1002
2006,Marcus Giles,ATL,2B,89
2009,Shane Victorino,PHI,CF,1677
2013,Anthony Rizzo,CHC,1B,3473
2004,Casey Blake,CLE,3B,719
2008,Ryan Ludwick,STL,RF,1260
2013,Dan Uggla,ATL,2B,3442
2013,Marlon Byrd,- - -,RF,950
2009,Chris Young,ARI,CF,3882
2016,Yunel Escobar,LAA,3B,4191
2009,Ryan Ludwick,STL,RF,1260
2004,Aramis Ramirez,CHC,3B,1002
2002,Neifi Perez,KCR,SS,620
2008,Yuniesky Betancourt,SEA,SS,8585
2011,Michael Bourn,- - -,CF,6387
2012,Adam Jones,BAL,CF,6368
2005,Jeromy Burnitz,CHC,RF,867
2006,Jhonny Peralta,CLE,SS,1738
2010,Colby Rasmus,STL,CF,9893
2013,Jason Kipnis,CLE,2B,9776
2004,Tino Martinez,TBD,1B,1168
2002,Robert Fick,DET,RF,466
2015,Mitch Moreland,TEX,1B,3086
2011,Matt Joyce,TBR,RF,3353
2012,Rafael Furcal,STL,SS,88
2011,Giancarlo Stanton,FLA,RF,4949
2011,Asdrubal Cabrera,CLE,SS,4962
2007,Michael Young,TEX,SS,1286
2009,Derrek Lee,CHC,1B,525
2008,Aaron Rowand,SFG,CF,254
2006,Tadahito Iguchi,CHW,2B,8581
2003,Geoff Jenkins,MIL,LF,690
2014,Ben Revere,PHI,CF,4712
2016,Starlin Castro,NYY,2B,4579
2013,Adam Jones,BAL,CF,6368
2015,Chris Davis,BAL,1B,9272
2015,Justin Upton,SDP,LF,5222
2010,Jason Bartlett,TBR,SS,8219
2010,Dan Uggla,FLA,2B,3442
2009,Chipper Jones,ATL,3B,97
2006,David Wright,NYM,3B,3787
2005,Mark Kotsay,OAK,CF,1042
2008,Carlos Lee,HOU,LF,243
2010,Yuniesky Betancourt,KCR,SS,8585
2008,Jorge Cantu,FLA,3B,2521
2004,Angel Berroa,KCR,SS,591
2007,Adam LaRoche,PIT,1B,1904
2002,Alfonso Soriano,NYY,2B,847
2003,Shannon Stewart,- - -,LF,1322
2003,Pat Burrell,PHI,LF,949
2015,Neil Walker,PIT,2B,7539
2014,Neil Walker,PIT,2B,7539
2003,Robert Fick,ATL,1B,466
2003,Gary Sheffield,ATL,RF,114
2005,Craig Biggio,HOU,2B,549
2008,Alexei Ramirez,CHW,2B,5133
2010,Vernon Wells,TOR,CF,1326
2013,James Loney,TBR,1B,4556
2014,Cody Asche,PHI,3B,11997
2012,Kelly Johnson,TOR,2B,2234
2009,Adrian Gonzalez,SDP,1B,1908
2014,Giancarlo Stanton,MIA,RF,4949
2013,Chris Johnson,ATL,3B,1191
2007,Craig Biggio,HOU,2B,549
2002,Gary Sheffield,ATL,RF,114
2006,Chris Shelton,DET,1B,1891
2016,Ketel Marte,SEA,SS,13613
2013,Brandon Belt,SFG,1B,10264
2008,Carlos Pena,TBR,1B,934
2004,Brian Giles,SDP,RF,990
2004,Alfonso Soriano,TEX,2B,847
2008,Kelly Johnson,ATL,2B,2234
2014,Miguel Cabrera,DET,1B,1744
2010,Ryan Ludwick,- - -,RF,1260
2004,Bobby Higginson,DET,RF,469
2015,Torii Hunter,MIN,RF,731
2007,David Eckstein,STL,SS,10
2006,Edwin Encarnacion,CIN,3B,2151
2011,Gaby Sanchez,FLA,1B,3361
2004,Melvin Mora,BAL,3B,157
2013,Jon Jay,STL,CF,5227
2009,Mark Reynolds,ARI,3B,7619
2012,Adam LaRoche,WSN,1B,1904
2013,Nate Schierholtz,CHC,RF,6201
2002,Shea Hillenbrand,BOS,3B,196
2016,Daniel Murphy,WSN,2B,4316
2006,Scott Hatteberg,CIN,1B,916
2015,Chris Owings,ARI,2B,10030
2016,Max Kepler,MIN,RF,12144
2003,Tino Martinez,STL,1B,1168
2011,Joey Votto,CIN,1B,4314
2006,Jason Bay,PIT,LF,1717
2015,Cameron Maybin,ATL,CF,5223
2004,Bret Boone,SEA,2B,1067
2016,Nick Castellanos,DET,3B,11737
2006,Adrian Gonzalez,SDP,1B,1908
2009,Alex Rodriguez,NYY,3B,1274
2002,J.D. Drew,STL,RF,1152
2009,Kendrys Morales,LAA,1B,8610
2003,Rondell White,- - -,LF,856
2005,Jeff Kent,LAD,2B,1119
2006,Jose Castillo,PIT,2B,1866
2015,Johnny Giavotella,LAA,2B,6740
2011,Mark Trumbo,LAA,1B,6876
2004,Larry Bigbie,BAL,LF,128
2013,Adrian Gonzalez,LAD,1B,1908
2005,Travis Lee,TBD,1B,958
2010,Howie Kendrick,LAA,2B,4229
2009,Miguel Tejada,HOU,SS,941
2009,Skip Schumaker,STL,2B,3704
2003,Bill Mueller,BOS,3B,295
2014,Chris Davis,BAL,1B,9272
2014,Hanley Ramirez,LAD,SS,8001
2011,Chipper Jones,ATL,3B,97
2012,Alex Rios,CHW,RF,2090
2009,Adam Jones,BAL,CF,6368
2007,Jhonny Peralta,CLE,SS,1738
2013,Trevor Plouffe,MIN,3B,7462
2016,Nick Markakis,ATL,RF,5930
2002,Jose Vidro,MON,2B,802
2015,Robinson Cano,SEA,2B,3269
2010,Aramis Ramirez,CHC,3B,1002
2008,Derrek Lee,CHC,1B,525
2003,Ronnie Belliard,COL,2B,677
2011,Jeff Francoeur,KCR,RF,4792
2009,Justin Morneau,MIN,1B,1737
2015,Yunel Escobar,WSN,3B,4191
2005,Brian Giles,SDP,RF,990
2015,Brett Gardner,NYY,LF,9927
2016,Anthony Rizzo,CHC,1B,3473
2007,Jeremy Hermida,FLA,RF,7208
2014,Aaron Hill,ARI,2B,6104
2007,Michael Cuddyer,MIN,RF,1534
2007,Stephen Drew,ARI,SS,4251
2011,Ryan Ludwick,- - -,LF,1260
2014,Adrian Gonzalez,LAD,1B,1908
2004,Jose Castillo,PIT,2B,1866
2009,Orlando Cabrera,- - -,SS,766
2006,Torii Hunter,MIN,CF,731
2003,Magglio Ordonez,CHW,RF,248
2009,Jason Bay,BOS,LF,1717
2004,Jose Guillen,ANA,LF,57
2015,Charlie Blackmon,COL,CF,7859
2012,Jemile Weeks,OAK,2B,2498
2006,Richie Sexson,SEA,1B,709
2008,Daric Barton,OAK,1B,5928
2013,Nick Swisher,CLE,1B,4599
2007,Chris Young,ARI,CF,3882
2006,Juan Encarnacion,STL,RF,320
2006,Nomar Garciaparra,LAD,1B,190
2015,Carlos Santana,CLE,1B,2396
2009,Miguel Cabrera,DET,1B,1744
2007,Lyle Overbay,TOR,1B,1617
2003,Paul Konerko,CHW,1B,242
2011,Alex Rios,CHW,CF,2090
2016,Denard Span,SFG,CF,8347
2013,Lyle Overbay,NYY,1B,1617
2002,Garret Anderson,ANA,LF,2
2014,Jason Kipnis,CLE,2B,9776
2009,Alex Rios,- - -,RF,2090
2016,Giancarlo Stanton,MIA,RF,4949
2005,Cliff Floyd,NYM,LF,518
2006,Brad Hawpe,COL,RF,1885
2015,Adam Lind,MIL,1B,8027
2003,Raul Ibanez,KCR,LF,607
2011,James Loney,LAD,1B,4556
2006,Jacque Jones,CHC,RF,735
2014,Conor Gillaspie,CHW,3B,9009
2014,Austin Jackson,- - -,CF,9848
2006,Ian Kinsler,TEX,2B,6195
2012,Alcides Escobar,KCR,SS,6310
2004,Jim Thome,PHI,1B,409
2011,Adam Jones,BAL,CF,6368
2004,Doug Mientkiewicz,- - -,1B,741
2004,Jeff Bagwell,HOU,1B,547
2002,Mike Lowell,FLA,3B,527
2004,Matt Holliday,COL,LF,1873
2009,Michael Young,TEX,3B,1286
2010,Hunter Pence,HOU,RF,8252
2004,Carlos Delgado,TOR,1B,1297
2009,Kosuke Fukudome,CHC,CF,3263
2012,Andrew McCutchen,PIT,CF,9847
2013,Mitch Moreland,TEX,1B,3086
2016,Carlos Gonzalez,COL,RF,7287
2006,Johnny Damon,NYY,CF,185
2011,Melky Cabrera,KCR,CF,4022
2011,Torii Hunter,LAA,RF,731
2016,Brandon Belt,SFG,1B,10264
2003,Eric Young,- - -,2B,716
2016,Jonathan Villar,MIL,SS,10071
2006,Robinson Cano,NYY,2B,3269
2011,Colby Rasmus,- - -,CF,9893
2015,Paul Goldschmidt,ARI,1B,9218
2007,Ian Kinsler,TEX,2B,6195
2008,Kevin Millar,BAL,1B,529
2010,Adam LaRoche,ARI,1B,1904
2002,Kevin Young,PIT,1B,1018
2016,Curtis Granderson,NYM,RF,4747
2012,Pedro Alvarez,PIT,3B,2495
2016,Chris Davis,BAL,1B,9272
2004,Johnny Damon,BOS,CF,185
2015,David Peralta,ARI,LF,2136
2006,Hank Blalock,TEX,3B,1419
2010,Derrek Lee,- - -,1B,525
2007,Carlos Guillen,DET,SS,1079
2007,Jay Payton,BAL,LF,890
2013,Paul Goldschmidt,ARI,1B,9218
2007,Jose Bautista,PIT,3B,1887
2002,Brian Jordan,LAD,LF,658
2014,Matt Dominguez,HOU,3B,4903
2007,Lance Berkman,HOU,1B,548
2013,Asdrubal Cabrera,CLE,SS,4962
2016,Miguel Cabrera,DET,1B,1744
2009,Nick Swisher,NYY,RF,4599
2009,Lyle Overbay,TOR,1B,1617
2011,Aramis Ramirez,CHC,3B,1002
2005,Joe Randa,- - -,3B,623
2005,Lyle Overbay,MIL,1B,1617
2015,Adrian Gonzalez,LAD,1B,1908
2009,Russell Branyan,SEA,1B,370
2003,Albert Pujols,STL,LF,1177
2006,Mark Kotsay,OAK,CF,1042
2011,Justin Smoak,SEA,1B,9054
2002,Chipper Jones,ATL,LF,97
2003,Sean Casey,CIN,1B,314
2016,Scooter Gennett,MIL,2B,10339
2009,Paul Konerko,CHW,1B,242
2011,Aubrey Huff,SFG,1B,1213
2014,Paul Goldschmidt,ARI,1B,9218
2007,Carl Crawford,TBD,LF,1201
2008,Mark Reynolds,ARI,3B,7619
2016,Cheslor Cuthbert,KCR,3B,10473
2015,Mark Teixeira,NYY,1B,1281
2012,Matt Kemp,LAD,CF,5631
2011,Jay Bruce,CIN,RF,9892
2002,Jeff Conine,BAL,1B,131
2002,Tim Salmon,ANA,RF,32
2009,Jacoby Ellsbury,BOS,CF,4727
2012,Miguel Cabrera,DET,3B,1744
2007,Jeff Kent,LAD,2B,1119
2005,Preston Wilson,- - -,CF,545
2009,David Wright,NYM,3B,3787
2014,Matt Adams,STL,1B,9393
2012,Carlos Pena,TBR,1B,934
2014,Mike Trout,LAA,CF,10155
2004,Kaz Matsui,NYM,SS,1854
2008,Lyle Overbay,TOR,1B,1617
2006,Nick Johnson,WSN,1B,828
2009,Dan Uggla,FLA,2B,3442
2004,Steve Finley,- - -,CF,54
2011,Derrek Lee,- - -,1B,525
2006,Raul Ibanez,SEA,LF,607
2014,Justin Upton,ATL,LF,5222
2016,Freddie Freeman,ATL,1B,5361
2006,Craig Monroe,DET,LF,1464
2006,Felipe Lopez,- - -,SS,1311
2002,Rondell White,NYY,LF,856
2004,Albert Pujols,STL,1B,1177
2003,Bobby Higginson,DET,RF,469
2015,Josh Reddick,OAK,RF,3892
2003,Ryan Klesko,SDP,1B,1041
2012,Brandon Belt,SFG,1B,10264
2014,Michael Bourn,CLE,CF,6387
2012,Chris Johnson,- - -,3B,1191
2016,Adam Jones,BAL,CF,6368
2006,Geoff Jenkins,MIL,RF,690
2014,Jayson Werth,WSN,RF,1327
2012,Derek Jeter,NYY,SS,826
2005,Russ Adams,TOR,SS,4519
2005,Derek Jeter,NYY,SS,826
2015,Adam Eaton,CHW,CF,11205
2015,Carlos Gonzalez,COL,RF,7287
2015,Miguel Cabrera,DET,1B,1744
2007,Gary Matthews Jr.,LAA,CF,153
2009,Alfonso Soriano,CHC,LF,847
2008,Torii Hunter,LAA,CF,731
2012,Yonder Alonso,SDP,1B,2530
2011,Danny Valencia,MIN,3B,6364
2009,Shin-Soo Choo,CLE,RF,3174
2015,Nick Castellanos,DET,3B,11737
2012,Daniel Murphy,NYM,2B,4316
2007,Justin Morneau,MIN,1B,1737
2006,Mark Teixeira,TEX,1B,1281
2003,Luis Rivas,MIN,2B,753
2007,Sean Casey,DET,1B,314
2011,Delmon Young,- - -,LF,2140
2009,Milton Bradley,CHC,RF,369
2016,Ryan Braun,MIL,LF,3410
2016,Charlie Blackmon,COL,CF,7859
2004,Sean Casey,CIN,1B,314
2014,Matt Holliday,STL,LF,1873
2002,Jeff Bagwell,HOU,1B,547
2015,Anthony Gose,DET,CF,5097
2008,Orlando Hudson,ARI,2B,1307
2012,Justin Smoak,SEA,1B,9054
2007,Dan Uggla,FLA,2B,3442
2004,Shawn Green,LAD,1B,651
2006,Vladimir Guerrero,LAA,RF,778
2014,Andrew McCutchen,PIT,CF,9847
2004,Vladimir Guerrero,ANA,RF,778
2005,Sean Casey,CIN,1B,314
2003,Eric Hinske,TOR,3B,1305
2010,David Wright,NYM,3B,3787
2010,Jayson Werth,PHI,RF,1327
2009,Albert Pujols,STL,1B,1177
2010,Chone Figgins,SEA,2B,1580
2003,Craig Biggio,HOU,CF,549
2013,Freddie Freeman,ATL,1B,5361
2007,Melky Cabrera,NYY,CF,4022
2016,Elvis Andrus,TEX,SS,8709
2015,Brett Lawrie,OAK,3B,5247
2008,Robinson Cano,NYY,2B,3269
2002,Miguel Tejada,OAK,SS,941
2013,Jayson Werth,WSN,RF,1327
2008,Paul Konerko,CHW,1B,242
2006,Jason Michaels,CLE,LF,1399
2012,Ryan Ludwick,CIN,LF,1260
2015,Anthony Rizzo,CHC,1B,3473
2005,Mark Teixeira,TEX,1B,1281
2013,Nelson Cruz,TEX,RF,2434
2012,Dayan Viciedo,CHW,LF,3917
2003,Wes Helms,MIL,3B,94
2010,Todd Helton,COL,1B,432
2010,Casey Kotchman,SEA,1B,1930
2008,Carlos Quentin,CHW,LF,6274
2014,Lonnie Chisenhall,CLE,3B,7571
2008,Curtis Granderson,DET,CF,4747
2016,Jake Lamb,ARI,3B,13329
2009,Luis Castillo,NYM,2B,513
2003,Luis Gonzalez,ARI,LF,55
2003,Jeff Bagwell,HOU,1B,547
2008,Jeff Francoeur,ATL,RF,4792
2002,Carlos Delgado,TOR,1B,1297
2010,Jose Bautista,TOR,RF,1887
2009,Alberto Callaspo,KCR,2B,3336
2012,Andre Ethier,LAD,RF,6265
2011,Carl Crawford,BOS,LF,1201
2014,Alex Rios,TEX,RF,2090
2008,Stephen Drew,ARI,SS,4251
2013,Eric Hosmer,KCR,1B,3516
2015,Joey Votto,CIN,1B,4314
2016,Ryan Zimmerman,WSN,1B,4220
2014,Melky Cabrera,TOR,LF,4022
2002,Todd Zeile,COL,3B,457
2002,Ryan Klesko,SDP,1B,1041
2004,Jody Gerut,CLE,RF,1696
2005,Ben Broussard,CLE,1B,312
2004,Carlos Pena,DET,1B,934
2007,Bobby Abreu,NYY,RF,945
2006,Jose Vidro,WSN,2B,802
2015,Carlos Beltran,NYY,RF,589
2006,Melvin Mora,BAL,3B,157
2015,Joe Mauer,MIN,1B,1857
2009,Jeff Francoeur,- - -,RF,4792
2012,Carlos Lee,- - -,1B,243
2011,Dan Uggla,ATL,2B,3442
2012,Justin Upton,ARI,RF,5222
2005,Carlos Lee,MIL,LF,243
2002,Tino Martinez,STL,1B,1168
2016,Mark Reynolds,COL,1B,7619
2003,Brian Giles,- - -,LF,990
2011,Casey Kotchman,TBR,1B,1930
2004,Adam Dunn,CIN,LF,319
2015,Chris Carter,HOU,1B,9911
2008,Brian Giles,SDP,RF,990
2002,Carlos Febles,KCR,2B,598
2005,Pat Burrell,PHI,LF,949
2002,Travis Fryman,CLE,3B,385
2005,Albert Pujols,STL,1B,1177
2011,Paul Konerko,CHW,1B,242
2009,Johnny Damon,NYY,LF,185
2012,Jason Kubel,ARI,LF,2161
2010,Albert Pujols,STL,1B,1177
2012,Nelson Cruz,TEX,RF,2434
2012,Hunter Pence,- - -,RF,8252
2015,Lucas Duda,NYM,1B,2502
2014,Jose Altuve,HOU,2B,5417
2009,Todd Helton,COL,1B,432
2010,Gaby Sanchez,FLA,1B,3361
2003,Scott Podsednik,MIL,CF,1095
2007,Carlos Lee,HOU,LF,243
2014,Eric Hosmer,KCR,1B,3516
2005,Jason Lane,HOU,RF,1397
2006,Paul Konerko,CHW,1B,242
2010,Joey Votto,CIN,1B,4314
2003,Ben Broussard,CLE,1B,312
2013,Joey Votto,CIN,1B,4314
2014,Lucas Duda,NYM,1B,2502
2005,Paul Konerko,CHW,1B,242
2002,Shawn Green,LAD,RF,651
2011,Adam Lind,TOR,1B,8027
2005,Jermaine Dye,CHW,RF,911
2016,Paul Goldschmidt,ARI,1B,9218
2007,Mark Teixeira,- - -,1B,1281
2009,James Loney,LAD,1B,4556
2009,Joey Votto,CIN,1B,4314
2011,Ryan Braun,MIL,LF,3410
2004,Jacque Jones,MIN,RF,735
2006,Michael Cuddyer,MIN,RF,1534
2008,Edwin Encarnacion,CIN,3B,2151
2009,Mark Teixeira,NYY,1B,1281
2015,Shin-Soo Choo,TEX,RF,3174
2007,Paul Konerko,CHW,1B,242
2009,Corey Hart,MIL,RF,1945
2003,Alex Sanchez,- - -,CF,708
2013,Torii Hunter,DET,RF,731
2014,Michael Brantley,CLE,LF,4106
2007,Shannon Stewart,OAK,LF,1322
2008,Jeremy Hermida,FLA,RF,7208
2015,Nick Markakis,ATL,RF,5930
2015,Jose Abreu,CHW,1B,15676
2015,Eric Hosmer,KCR,1B,3516
2014,Jose Abreu,CHW,1B,15676
2016,Rougned Odor,TEX,2B,12282
2007,Carlos Delgado,NYM,1B,1297
2015,Bryce Harper,WSN,RF,11579
2012,Casey Kotchman,CLE,1B,1930
2014,Garrett Jones,MIA,1B,2714
2002,Fred McGriff,CHC,1B,293
2004,Derrek Lee,CHC,1B,525
2005,Hideki Matsui,NYY,LF,1659
2005,Todd Helton,COL,1B,432
2012,Matt Holliday,STL,LF,1873
2002,Richie Sexson,MIL,1B,709
2012,Jeff Francoeur,KCR,RF,4792
2013,Michael Brantley,CLE,LF,4106
2016,Yonder Alonso,OAK,1B,2530
2006,Kenny Lofton,LAD,CF,246
2002,Pat Burrell,PHI,LF,949
2009,Yuniesky Betancourt,- - -,SS,8585
2007,Derrek Lee,CHC,1B,525
2003,Manny Ramirez,BOS,LF,210
2014,Yunel Escobar,TBR,SS,4191
2013,Justin Morneau,- - -,1B,1737
2013,Matt Holliday,STL,LF,1873
2015,Jay Bruce,CIN,RF,9892
2003,Todd Walker,BOS,2B,359
2004,Danny Bautista,ARI,RF,47
2011,Hunter Pence,- - -,RF,8252
2013,Todd Helton,COL,1B,432
2011,Jason Bay,NYM,LF,1717
2008,Manny Ramirez,- - -,LF,210
2008,Nate McLouth,PIT,CF,3190
2005,Ryan Klesko,SDP,LF,1041
2011,Carlos Pena,CHC,1B,934
2009,Ryan Howard,PHI,1B,2154
2002,Roger Cedeno,NYM,LF,869
2007,Derek Jeter,NYY,SS,826
2011,Ichiro Suzuki,SEA,RF,1101
2008,Corey Hart,MIL,RF,1945
2010,Andrew McCutchen,PIT,CF,9847
2003,Wil Cordero,MON,1B,770
2012,Jose Altuve,HOU,2B,5417
2003,Jay Payton,COL,LF,890
2004,Michael Young,TEX,SS,1286
2014,Freddie Freeman,ATL,1B,5361
2002,Bobby Abreu,PHI,RF,945
2012,Paul Goldschmidt,ARI,1B,9218
2016,Adrian Gonzalez,LAD,1B,1908
2011,Albert Pujols,STL,1B,1177
2005,Miguel Cabrera,FLA,LF,1744
2012,Jay Bruce,CIN,RF,9892
2002,Daryle Ward,HOU,LF,579
2006,Josh Willingham,FLA,LF,2103
2004,Todd Helton,COL,1B,432
2015,Ryan Braun,MIL,RF,3410
2010,James Loney,LAD,1B,4556
2002,Ben Grieve,TBD,RF,1209
2006,Luis Gonzalez,ARI,LF,55
2007,Garrett Atkins,COL,3B,1790
2002,John Olerud,SEA,1B,1093
2010,Garrett Jones,PIT,1B,2714
2002,Steve Cox,TBD,1B,1200
2013,Ryan Zimmerman,WSN,3B,4220
2006,Justin Morneau,MIN,1B,1737
2012,Dexter Fowler,COL,CF,4062
2014,Jay Bruce,CIN,RF,9892
2005,Juan Encarnacion,FLA,RF,320
2010,Lyle Overbay,TOR,1B,1617
2005,Troy Glaus,ARI,3B,15
2012,Prince Fielder,DET,1B,4613
2015,Avisail Garcia,CHW,RF,5760
2016,Jayson Werth,WSN,LF,1327
2003,Vladimir Guerrero,MON,RF,778
2010,Adrian Gonzalez,SDP,1B,1908
2007,Mike Cameron,SDP,CF,1070
2009,Prince Fielder,MIL,1B,4613
2009,Chris Coghlan,FLA,LF,6878
2014,Coco Crisp,OAK,CF,1572
2008,Ryan Howard,PHI,1B,2154
2011,Angel Pagan,NYM,CF,2918
2009,Chase Headley,SDP,LF,4720
2009,Adam LaRoche,- - -,1B,1904
2005,Hank Blalock,TEX,3B,1419
2015,Logan Morrison,SEA,1B,9205
2015,Angel Pagan,SFG,CF,2918
2016,Justin Upton,DET,LF,5222
2007,Carlos Pena,TBD,1B,934
2014,Ryan Braun,MIL,RF,3410
2005,Shannon Stewart,MIN,LF,1322
2007,Jose Guillen,SEA,RF,57
2004,Ben Broussard,CLE,1B,312
2012,Carlos Gonzalez,COL,LF,7287
2010,Mark Teixeira,NYY,1B,1281
2006,Carlos Delgado,NYM,1B,1297
2010,Skip Schumaker,STL,2B,3704
2004,Jason Bay,PIT,LF,1717
2010,Nick Markakis,BAL,RF,5930
2011,Nick Markakis,BAL,RF,5930
2007,Edwin Encarnacion,CIN,3B,2151
2005,Garret Anderson,LAA,LF,2
2015,Justin Bour,MIA,1B,9744
2003,Scott Hatteberg,OAK,1B,916
2014,James Loney,TBR,1B,4556
2013,Chris Davis,BAL,1B,9272
2003,Sammy Sosa,CHC,RF,302
2006,Mike Jacobs,FLA,1B,2231
2012,Freddie Freeman,ATL,1B,5361
2008,Justin Morneau,MIN,1B,1737
2005,Jacque Jones,MIN,RF,735
2013,Giancarlo Stanton,MIA,RF,4949
2013,Adam LaRoche,WSN,1B,1904
2002,Tony Batista,BAL,3B,124
2009,Nick Markakis,BAL,RF,5930
2003,Todd Helton,COL,1B,432
2015,Ryan Howard,PHI,1B,2154
2002,Brian Giles,PIT,LF,990
2010,Raul Ibanez,PHI,LF,607
2016,Hanley Ramirez,BOS,1B,8001
2003,Ty Wigginton,NYM,3B,1491
2005,Alfonso Soriano,TEX,2B,847
2003,Chipper Jones,ATL,LF,97
2012,Nick Markakis,BAL,RF,5930
2005,Shawn Green,ARI,RF,651
2012,Ike Davis,NYM,1B,8433
2003,Derrek Lee,FLA,1B,525
2013,Justin Smoak,SEA,1B,9054
2005,Johnny Damon,BOS,CF,185
2010,Billy Butler,KCR,1B,7399
2006,Alex Rodriguez,NYY,3B,1274
2007,Ryan Howard,PHI,1B,2154
2011,Ryan Howard,PHI,1B,2154
2008,Adrian Gonzalez,SDP,1B,1908
2013,Nick Markakis,BAL,RF,5930
2016,Melky Cabrera,CHW,LF,4022
2008,Josh Hamilton,TEX,CF,1875
2009,Lance Berkman,HOU,1B,548
2007,Hanley Ramirez,FLA,SS,8001
2008,Adam LaRoche,PIT,1B,1904
2004,Shea Hillenbrand,ARI,1B,196
2002,Bobby Higginson,DET,LF,469
2009,Bobby Abreu,LAA,RF,945
2007,Vladimir Guerrero,LAA,RF,778
2006,Magglio Ordonez,DET,RF,248
2011,Lyle Overbay,- - -,1B,1617
2014,Ryan Howard,PHI,1B,2154
2003,Jeff Conine,BAL,1B,131
2002,Carlos Lee,CHW,LF,243
2007,Hideki Matsui,NYY,LF,1659
2010,Adam Dunn,WSN,1B,319
2005,Derrek Lee,CHC,1B,525
2015,Melky Cabrera,CHW,LF,4022
2014,Curtis Granderson,NYM,RF,4747
2005,Bobby Abreu,PHI,RF,945
2016,Alexei Ramirez,- - -,SS,5133
2011,Carlos Beltran,- - -,RF,589
2009,Vernon Wells,TOR,CF,1326
2006,Todd Helton,COL,1B,432
2011,Jose Bautista,TOR,RF,1887
2012,Josh Willingham,MIN,LF,2103
2002,Jim Thome,CLE,1B,409
2004,Marquis Grissom,SFG,CF,652
2008,Miguel Cabrera,DET,1B,1744
2009,Dexter Fowler,COL,CF,4062
2012,Rickie Weeks Jr.,MIL,2B,1849
2004,Luis Gonzalez,ARI,LF,55
2010,Corey Hart,MIL,RF,1945
2013,Shin-Soo Choo,CIN,CF,3174
2013,Miguel Cabrera,DET,3B,1744
2002,Paul Konerko,CHW,1B,242
2013,David Freese,STL,3B,9549
2008,Raul Ibanez,SEA,LF,607
2008,Lastings Milledge,WSN,CF,6441
2002,Bernie Williams,NYY,CF,857
2014,Domonic Brown,PHI,LF,3154
2003,Juan Encarnacion,FLA,RF,320
2016,Jay Bruce,- - -,RF,9892
2003,Jay Gibbons,BAL,RF,141
2015,Pablo Sandoval,BOS,3B,5409
2009,Michael Cuddyer,MIN,RF,1534
2012,Mark Reynolds,BAL,1B,7619
2008,Pat Burrell,PHI,LF,949
2014,Adam LaRoche,WSN,1B,1904
2010,Carlos Pena,TBR,1B,934
2006,Conor Jackson,ARI,1B,5997
2015,Jose Bautista,TOR,RF,1887
2004,Phil Nevin,SDP,1B,1049
2007,Josh Willingham,FLA,LF,2103
2011,Kosuke Fukudome,- - -,RF,3263
2014,David Murphy,CLE,RF,6035
2008,Carlos Delgado,NYM,1B,1297
2004,Scott Hatteberg,OAK,1B,916
2007,Mike Jacobs,FLA,1B,2231
2010,Scott Podsednik,- - -,LF,1095
2012,Curtis Granderson,NYY,CF,4747
2009,Billy Butler,KCR,1B,7399
2006,Adam LaRoche,ATL,1B,1904
2010,Delmon Young,MIN,LF,2140
2002,Derrek Lee,FLA,1B,525
2002,Carlos Pena,- - -,1B,934
2009,Carlos Lee,HOU,LF,243
2005,Richie Sexson,SEA,1B,709
2011,Miguel Cabrera,DET,1B,1744
2008,Magglio Ordonez,DET,RF,248
2009,Garret Anderson,ATL,LF,2
2008,Ryan Garko,CLE,1B,6319
2010,Miguel Cabrera,DET,1B,1744
2005,Michael Young,TEX,SS,1286
2006,Lyle Overbay,TOR,1B,1617
2007,Luis Gonzalez,LAD,LF,55
2014,Nick Castellanos,DET,3B,11737
2016,Andrew McCutchen,PIT,CF,9847
2005,Jason Bay,PIT,LF,1717
2013,Domonic Brown,PHI,LF,3154
2012,Brennan Boesch,DET,RF,914
2006,Matt Holliday,COL,LF,1873
2013,Prince Fielder,DET,1B,4613
2016,Jose Abreu,CHW,1B,15676
2016,Chris Carter,MIL,1B,9911
2010,Troy Glaus,ATL,1B,15
2007,Adrian Gonzalez,SDP,1B,1908
2003,Shawn Green,LAD,RF,651
2003,Vernon Wells,TOR,CF,1326
2009,Carlos Pena,TBR,1B,934
2011,Prince Fielder,MIL,1B,4613
2010,Ryan Braun,MIL,LF,3410
2004,Paul Konerko,CHW,1B,242
2005,Ken Griffey Jr.,CIN,CF,327
2005,Emil Brown,KCR,RF,1197
2006,Pat Burrell,PHI,LF,949
2003,Jim Thome,PHI,1B,409
2003,Carlos Pena,DET,1B,934
2003,Richie Sexson,MIL,1B,709
2006,Ryan Howard,PHI,1B,2154
2011,Juan Pierre,CHW,LF,443
2009,Nick Johnson,- - -,1B,828
2007,Brian Giles,SDP,RF,990
2007,Shawn Green,NYM,RF,651
2005,Mark Teahen,KCR,3B,4511
2002,J.T. Snow,SFG,1B,1133
2003,Carlos Delgado,TOR,1B,1297
2011,Logan Morrison,FLA,LF,9205
2004,Lyle Overbay,MIL,1B,1617
2013,Michael Cuddyer,COL,RF,1534
2016,Joey Votto,CIN,1B,4314
2004,Gary Sheffield,NYY,RF,114
2005,Adam Dunn,CIN,LF,319
2007,Manny Ramirez,BOS,LF,210
2004,Matt Lawton,CLE,LF,390
2004,Rafael Palmeiro,BAL,1B,1266
2002,Magglio Ordonez,CHW,RF,248
2003,Bernie Williams,NYY,CF,857
2002,Mo Vaughn,NYM,1B,899
2007,Prince Fielder,MIL,1B,4613
2005,Robinson Cano,NYY,2B,3269
2002,Jermaine Dye,OAK,RF,911
2016,Eric Hosmer,KCR,1B,3516
2005,Matt Lawton,- - -,RF,390
2002,Sammy Sosa,CHC,RF,302
2010,Prince Fielder,MIL,1B,4613
2014,Dexter Fowler,HOU,CF,4062
2008,Prince Fielder,MIL,1B,4613
2011,Eric Hosmer,KCR,1B,3516
2006,Shawn Green,- - -,RF,651
2009,Andre Ethier,LAD,RF,6265
2011,Mark Reynolds,BAL,3B,7619
2006,Adam Dunn,CIN,LF,319
2009,Ryan Braun,MIL,LF,3410
2004,Bobby Abreu,PHI,RF,945
2007,Ryan Garko,CLE,1B,6319
2006,Carlos Lee,- - -,LF,243
2002,Raul Mondesi,- - -,RF,1314
2013,Carlos Beltran,STL,RF,589
2006,Prince Fielder,MIL,1B,4613
2007,Richie Sexson,SEA,1B,709
2008,Adam Dunn,- - -,LF,319
2007,Adam Dunn,CIN,LF,319
2006,Bobby Abreu,- - -,RF,945
2008,James Loney,LAD,1B,4556
2015,Pedro Alvarez,PIT,1B,2495
2016,J.D. Martinez,DET,RF,6184
2010,Jonny Gomes,CIN,LF,1845
2010,Andre Ethier,LAD,RF,6265
2010,Ryan Howard,PHI,1B,2154
2010,Carlos Lee,HOU,LF,243
2010,Paul Konerko,CHW,1B,242
2010,Matt Kemp,LAD,CF,5631
2011,Freddie Freeman,ATL,1B,5361
2012,Shin-Soo Choo,CLE,RF,3174
2015,Matt Kemp,SDP,RF,5631
2012,Eric Hosmer,KCR,1B,3516
2004,Manny Ramirez,BOS,LF,210
2014,Torii Hunter,DET,RF,731
2008,Jason Bay,- - -,LF,1717
2003,Hideki Matsui,NYY,LF,1659
2011,Raul Ibanez,PHI,LF,607
2005,Carlos Delgado,FLA,1B,1297
2007,Jason Bay,PIT,LF,1717
2007,Pat Burrell,PHI,LF,949
2007,Raul Ibanez,SEA,LF,607
2008,Mike Jacobs,FLA,1B,2231
2009,Brad Hawpe,COL,RF,1885
2007,Brad Hawpe,COL,RF,1885
2008,Jermaine Dye,CHW,RF,911
2007,Ryan Braun,MIL,3B,3410
2008,Delmon Young,MIN,LF,2140
2009,Jermaine Dye,CHW,RF,911
2006,Jermaine Dye,CHW,RF,911
2005,Adam LaRoche,ATL,1B,1904
2008,Bobby Abreu,NYY,RF,945
2004,Hideki Matsui,NYY,LF,1659
2007,Jermaine Dye,CHW,RF,911
2006,Manny Ramirez,BOS,LF,210
2005,Gary Sheffield,NYY,RF,114
2005,Manny Ramirez,BOS,LF,210
2007,Ken Griffey Jr.,CIN,RF,327
2008,Brad Hawpe,COL,RF,1885
