Season,Name,Team,playerid
2014,Clayton Kershaw,Dodgers,2036
2015,Clayton Kershaw,Dodgers,2036
2013,Matt Harvey,Mets,11713
2011,Roy Halladay,Phillies,1303
2003,Pedro Martinez,Red Sox,200
2002,Pedro Martinez,Red Sox,200
2004,Randy Johnson,Diamondbacks,60
2016,Jose Fernandez,Marlins,11530
2016,Noah Syndergaard,Mets,11762
2009,Zack Greinke,Royals,1943
2009,Tim Lincecum,Giants,5705
2014,Corey Kluber,Indians,2429
2015,Jake Arrieta,Cubs,4153
2002,Curt Schilling,Diamondbacks,73
2013,Clayton Kershaw,Dodgers,2036
2013,Anibal Sanchez,Tigers,3284
2010,Josh Johnson,Marlins,4567
2011,Clayton Kershaw,Dodgers,2036
2003,Mark Prior,Cubs,301
2013,Adam Wainwright,Cardinals,2233
2014,Felix Hernandez,Mariners,4772
2014,Chris Sale,White Sox,10603
2010,Cliff Lee,- - -,1636
2008,Tim Lincecum,Giants,5705
2011,Cliff Lee,Phillies,1636
2014,Garrett Richards,Angels,9784
2013,Felix Hernandez,Mariners,4772
2003,Jason Schmidt,Giants,1131
2004,Ben Sheets,Brewers,710
2014,Phil Hughes,Twins,7450
2010,Francisco Liriano,Twins,3201
2015,Gerrit Cole,Pirates,13125
2003,Curt Schilling,Diamondbacks,73
2002,Randy Johnson,Diamondbacks,60
2011,Madison Bumgarner,Giants,5524
2014,Jordan Zimmermann,Nationals,4505
2015,Jacob deGrom,Mets,10954
2013,Jose Fernandez,Marlins,11530
2015,Chris Sale,White Sox,10603
2013,Max Scherzer,Tigers,3137
2015,Zack Greinke,Dodgers,1943
2015,Max Scherzer,Nationals,3137
2009,Javier Vazquez,Braves,801
2009,Chris Carpenter,Cardinals,1292
2015,David Price,- - -,3184
2014,David Price,- - -,3184
2005,Johan Santana,Twins,755
2014,Jon Lester,- - -,4930
2009,Justin Verlander,Tigers,8700
2013,A.J. Burnett,Pirates,512
2014,Jose Quintana,White Sox,11423
2003,Kevin Brown,Dodgers,642
2013,Cliff Lee,Phillies,1636
2012,Gio Gonzalez,Nationals,7448
2008,Cliff Lee,Indians,1636
2012,Felix Hernandez,Mariners,4772
2015,Carlos Carrasco,Indians,6632
2007,Jake Peavy,Padres,1051
2014,Max Scherzer,Tigers,3137
2010,Adam Wainwright,Cardinals,2233
2011,Brandon McCarthy,Athletics,4662
2005,Roger Clemens,Astros,815
2015,Madison Bumgarner,Giants,5524
2011,CC Sabathia,Yankees,404
2014,Adam Wainwright,Cardinals,2233
2005,Jake Peavy,Padres,1051
2012,Clayton Kershaw,Dodgers,2036
2005,Chris Carpenter,Cardinals,1292
2015,Chris Archer,Rays,6345
2008,CC Sabathia,- - -,404
2015,Dallas Keuchel,Astros,9434
2011,Matt Cain,Giants,4732
2015,Jon Lester,Cubs,4930
2004,Johan Santana,Twins,755
2004,Jason Schmidt,Giants,1131
2014,Stephen Strasburg,Nationals,10131
2012,Justin Verlander,Tigers,8700
2005,Pedro Martinez,Mets,200
2011,Matt Garza,Cubs,3340
2016,Johnny Cueto,Giants,6893
2002,Roy Halladay,Blue Jays,1303
2010,Justin Verlander,Tigers,8700
2015,Corey Kluber,Indians,2429
2014,Zack Greinke,Dodgers,1943
2015,Tyson Ross,Padres,7872
2011,Zack Greinke,Brewers,1943
2005,Dontrelle Willis,Marlins,1703
2011,Dan Haren,Angels,1757
2011,Justin Verlander,Tigers,8700
2011,Cole Hamels,Phillies,4972
2010,Mat Latos,Padres,3815
2010,Roy Halladay,Phillies,1303
2008,Dan Haren,Diamondbacks,1757
2002,Roy Oswalt,Astros,571
2010,Yovani Gallardo,Brewers,8173
2013,David Price,Rays,3184
2011,Doug Fister,- - -,9425
2006,Johan Santana,Twins,755
2012,Wade Miley,Diamondbacks,8779
2010,Felix Hernandez,Mariners,4772
2008,Roy Halladay,Blue Jays,1303
2012,David Price,Rays,3184
2015,Gio Gonzalez,Nationals,7448
2014,Madison Bumgarner,Giants,5524
2015,Matt Harvey,Mets,11713
2013,Madison Bumgarner,Giants,5524
2003,Esteban Loaiza,White Sox,1310
2009,Roy Halladay,Blue Jays,1303
2010,Jered Weaver,Angels,4235
2009,Josh Johnson,Marlins,4567
2011,Chris Carpenter,Cardinals,1292
2014,Cole Hamels,Phillies,4972
2005,Andy Pettitte,Astros,840
2010,Chad Billingsley,Dodgers,5842
2007,Josh Beckett,Red Sox,510
2003,Mike Mussina,Yankees,837
2009,Felix Hernandez,Mariners,4772
2012,Adam Wainwright,Cardinals,2233
2010,Ubaldo Jimenez,Rockies,3374
2005,John Lackey,Angels,1507
2012,Zack Greinke,- - -,1943
2013,Mat Latos,Reds,3815
2005,A.J. Burnett,Marlins,512
2004,Curt Schilling,Red Sox,73
2009,Clayton Kershaw,Dodgers,2036
2009,Cliff Lee,- - -,1636
2002,Jason Schmidt,Giants,1131
2009,Adam Wainwright,Cardinals,2233
2004,Roger Clemens,Astros,815
2010,Clayton Kershaw,Dodgers,2036
2010,Jon Lester,Red Sox,4930
2011,Felix Hernandez,Mariners,4772
2012,Cliff Lee,Phillies,1636
2004,Jake Peavy,Padres,1051
2007,CC Sabathia,Indians,404
2010,Tim Lincecum,Giants,5705
2009,Jon Lester,Red Sox,4930
2005,Roy Oswalt,Astros,571
2011,Jordan Zimmermann,Nationals,4505
2015,Carlos Martinez,Cardinals,11682
2011,Mat Latos,Padres,3815
2011,Tim Lincecum,Giants,5705
2013,Chris Sale,White Sox,10603
2006,Brandon Webb,Diamondbacks,1692
2015,Jose Quintana,White Sox,11423
2004,Roy Oswalt,Astros,571
2015,Francisco Liriano,Pirates,3201
2007,Erik Bedard,Orioles,126
2011,Jered Weaver,Angels,4235
2016,Kyle Hendricks,Cubs,12049
2014,Jeff Samardzija,- - -,3254
2007,John Smoltz,Braves,115
2013,Stephen Strasburg,Nationals,10131
2014,Ian Kennedy,Padres,6986
2014,Dallas Keuchel,Astros,9434
2012,R.A. Dickey,Mets,1245
2011,Ian Kennedy,Diamondbacks,6986
2011,Jaime Garcia,Cardinals,8137
2013,Zack Greinke,Dodgers,1943
2014,Alex Cobb,Rays,6562
2002,A.J. Burnett,Marlins,512
2003,Roy Halladay,Blue Jays,1303
2013,Bartolo Colon,Athletics,375
2009,Dan Haren,Diamondbacks,1757
2007,Brandon Webb,Diamondbacks,1692
2016,Max Scherzer,Nationals,3137
2011,C.J. Wilson,Rangers,3580
2013,Hyun-Jin Ryu,Dodgers,14444
2008,Josh Beckett,Red Sox,510
2016,Madison Bumgarner,Giants,5524
2014,Tyson Ross,Padres,7872
2014,Hisashi Iwakuma,Mariners,13048
2006,Roy Oswalt,Astros,571
2008,Derek Lowe,Dodgers,199
2013,Cole Hamels,Phillies,4972
2016,Corey Kluber,Indians,2429
2010,Hiroki Kuroda,Dodgers,3283
2012,Max Scherzer,Tigers,3137
2002,Chuck Finley,- - -,384
2012,Chris Sale,White Sox,10603
2013,Doug Fister,Tigers,9425
2012,Johnny Cueto,Reds,6893
2005,Josh Beckett,Marlins,510
2005,John Smoltz,Braves,115
2009,Joel Pineiro,Cardinals,1094
2011,Justin Masterson,Indians,2038
2013,Yu Darvish,Rangers,13074
2013,Justin Verlander,Tigers,8700
2013,Lance Lynn,Cardinals,2520
2008,Brandon Webb,Diamondbacks,1692
2011,Daniel Hudson,Diamondbacks,7146
2010,Roy Oswalt,- - -,571
2004,Jaret Wright,Braves,415
2002,Kevin Millwood,Braves,106
2012,Yu Darvish,Rangers,13074
2013,Andrew Cashner,Padres,8782
2006,Jeremy Bonderman,Tigers,1667
2002,Roger Clemens,Yankees,815
2008,Ervin Santana,Angels,3200
2006,CC Sabathia,Indians,404
2012,Cole Hamels,Phillies,4972
2014,Johnny Cueto,Reds,6893
2010,Tommy Hanson,Braves,9129
2013,Homer Bailey,Reds,8362
2003,Javier Vazquez,Expos,801
2011,David Price,Rays,3184
2010,Anibal Sanchez,Marlins,3284
2008,Mike Mussina,Yankees,837
2002,Matt Morris,Cardinals,1172
2003,Brandon Webb,Diamondbacks,1692
2005,Esteban Loaiza,Nationals,1310
2012,CC Sabathia,Yankees,404
2002,Derek Lowe,Red Sox,199
2002,Matt Clement,Cubs,271
2010,Zack Greinke,Royals,1943
2011,Anibal Sanchez,Marlins,3284
2003,Andy Pettitte,Yankees,840
2014,Lance Lynn,Cardinals,2520
2009,Ricky Nolasco,Marlins,3830
2014,Scott Kazmir,Athletics,4897
2006,John Lackey,Angels,1507
2013,Ricky Nolasco,- - -,3830
2015,Kyle Hendricks,Cubs,12049
2013,Jordan Zimmermann,Nationals,4505
2015,A.J. Burnett,Pirates,512
2002,Brian Lawrence,Padres,1045
2002,Odalis Perez,Dodgers,668
2009,Ubaldo Jimenez,Rockies,3374
2013,Mike Minor,Braves,10021
2014,Nathan Eovaldi,Marlins,9132
2008,Ben Sheets,Brewers,710
2003,Mark Mulder,Athletics,932
2003,Tim Hudson,Athletics,921
2008,Chad Billingsley,Dodgers,5842
2014,Chris Archer,Rays,6345
2014,Ervin Santana,Braves,3200
2009,CC Sabathia,Yankees,404
2011,Tim Hudson,Braves,921
2007,Kelvim Escobar,Angels,1298
2013,Justin Masterson,Indians,2038
2016,Rick Porcello,Red Sox,2717
2004,Tim Hudson,Athletics,921
2012,Matt Cain,Giants,4732
2012,Josh Johnson,Marlins,4567
2008,Ryan Dempster,Cubs,517
2016,Jon Lester,Cubs,4930
2010,Jaime Garcia,Cardinals,8137
2013,Gio Gonzalez,Nationals,7448
2005,Mark Buehrle,White Sox,225
2011,James Shields,Rays,7059
2011,Michael Pineda,Mariners,5372
2013,Kris Medlen,Braves,9417
2013,Ubaldo Jimenez,Indians,3374
2002,Greg Maddux,Braves,104
2010,David Price,Rays,3184
2007,Chris Young,Padres,3196
2012,Jarrod Parker,Athletics,4913
2013,Patrick Corbin,Diamondbacks,9323
2015,J.A. Happ,- - -,7410
2006,Chris Carpenter,Cardinals,1292
2013,Derek Holland,Rangers,4141
2008,John Danks,White Sox,6329
2015,Lance Lynn,Cardinals,2520
2013,Hisashi Iwakuma,Mariners,13048
2006,John Smoltz,Braves,115
2015,Shelby Miller,Braves,10197
2004,Oliver Perez,Pirates,1514
2015,Sonny Gray,Athletics,12768
2007,Scott Kazmir,Devil Rays,4897
2008,A.J. Burnett,Blue Jays,512
2007,Tim Hudson,Braves,921
2005,John Patterson,Nationals,71
2016,Chris Sale,White Sox,10603
2006,Mike Mussina,Yankees,837
2014,Sonny Gray,Athletics,12768
2010,Gavin Floyd,White Sox,3886
2003,Carlos Zambrano,Cubs,305
2012,Lance Lynn,Cardinals,2520
2013,James Shields,Royals,7059
2013,Jhoulys Chacin,Rockies,2608
2014,Tanner Roark,Nationals,8753
2012,James Shields,Rays,7059
2015,Cole Hamels,- - -,4972
2016,Justin Verlander,Tigers,8700
2014,Julio Teheran,Braves,6797
2007,Joe Blanton,Athletics,4849
2012,Madison Bumgarner,Giants,5524
2010,Wandy Rodriguez,Astros,2586
2012,Kyle Lohse,Cardinals,739
2006,Jake Peavy,Padres,1051
2008,Johan Santana,Mets,755
2012,Jordan Zimmermann,Nationals,4505
2005,Brandon Webb,Diamondbacks,1692
2013,C.J. Wilson,Angels,3580
2016,Masahiro Tanaka,Yankees,15764
2011,Matt Harrison,Rangers,5551
2016,Jake Arrieta,Cubs,4153
2012,A.J. Burnett,Pirates,512
2015,Johnny Cueto,- - -,6893
2013,Eric Stults,Padres,8011
2012,Anibal Sanchez,- - -,3284
2011,Ricky Nolasco,Marlins,3830
2010,Johan Santana,Mets,755
2014,Matt Garza,Brewers,3340
2010,CC Sabathia,Yankees,404
2008,Edinson Volquez,Reds,3990
2009,Wandy Rodriguez,Astros,2586
2007,John Lackey,Angels,1507
2004,Carl Pavano,Marlins,790
2014,Tim Hudson,Giants,921
2004,Brad Radke,Twins,748
2010,Colby Lewis,Rangers,1259
2014,Brandon McCarthy,- - -,4662
2016,Aaron Sanchez,Blue Jays,11490
2011,Edwin Jackson,- - -,1841
2007,Roy Halladay,Blue Jays,1303
2012,Jeff Samardzija,Cubs,3254
2014,Zack Wheeler,Mets,10310
2010,Brett Myers,Astros,962
2002,Wade Miller,Astros,568
2016,Jose Quintana,White Sox,11423
2003,Miguel Batista,Diamondbacks,46
2008,Zack Greinke,Royals,1943
2010,C.J. Wilson,Rangers,3580
2013,Hiroki Kuroda,Yankees,3283
2015,John Lackey,Cardinals,1507
2014,Aaron Harang,Braves,1451
2015,Yordano Ventura,Royals,11855
2004,Carlos Zambrano,Cubs,305
2004,Doug Davis,Brewers,1244
2011,Javier Vazquez,Marlins,801
2014,Bartolo Colon,Mets,375
2011,Josh Beckett,Red Sox,510
2013,Rick Porcello,Tigers,2717
2014,Henderson Alvarez,Marlins,5669
2003,Mark Redman,Marlins,491
2007,Greg Maddux,Padres,104
2004,Pedro Martinez,Red Sox,200
2016,Kenta Maeda,Dodgers,18498
2015,Collin McHugh,Astros,7531
2013,Jon Lester,Red Sox,4930
2014,Francisco Liriano,Pirates,3201
2011,Yovani Gallardo,Brewers,8173
2008,Hiroki Kuroda,Dodgers,3283
2014,James Shields,Royals,7059
2006,Curt Schilling,Red Sox,73
2007,Roy Oswalt,Astros,571
2008,Jair Jurrjens,Braves,5556
2003,Kevin Millwood,Phillies,106
2006,Erik Bedard,Orioles,126
2008,Jake Peavy,Padres,1051
2006,Roy Halladay,Blue Jays,1303
2003,Roger Clemens,Yankees,815
2016,David Price,Red Sox,3184
2002,Tim Hudson,Athletics,921
2014,Hiroki Kuroda,Yankees,3283
2016,Jon Gray,Rockies,14916
2016,Carlos Martinez,Cardinals,11682
2008,Gil Meche,Royals,1089
2009,Carlos Zambrano,Cubs,305
2015,Jake Odorizzi,Rays,6397
2010,Clay Buchholz,Red Sox,3543
2015,Danny Salazar,Indians,5867
2006,Kelvim Escobar,Angels,1298
2007,Brad Penny,Dodgers,535
2009,Josh Beckett,Red Sox,510
2010,Ricky Romero,Blue Jays,3403
2008,Jon Lester,Red Sox,4930
2011,Brandon Morrow,Blue Jays,9346
2011,Gio Gonzalez,Athletics,7448
2002,Mike Mussina,Yankees,837
2014,Yordano Ventura,Royals,11855
2005,Brad Penny,Dodgers,535
2010,R.A. Dickey,Mets,1245
2010,Doug Fister,Mariners,9425
2010,Matt Cain,Giants,4732
2014,Rick Porcello,Tigers,2717
2009,Ted Lilly,Cubs,833
2002,Jeff Weaver,- - -,503
2014,Mark Buehrle,Blue Jays,225
2005,Aaron Harang,Reds,1451
2011,Kyle Lohse,Cardinals,739
2010,Cole Hamels,Phillies,4972
2003,Sidney Ponson,- - -,161
2015,Anthony DeSclafani,Reds,13050
2014,Jon Niese,Mets,4424
2013,Shelby Miller,Cardinals,10197
2002,Cory Lidle,Athletics,926
2004,Freddy Garcia,- - -,1077
2005,Tom Glavine,Mets,90
2011,Ubaldo Jimenez,- - -,3374
2009,Jair Jurrjens,Braves,5556
2002,Javier Vazquez,Expos,801
2015,Jason Hammel,Cubs,4538
2011,Alexi Ogando,Rangers,10261
2002,David Wells,Yankees,855
2006,Aaron Harang,Reds,1451
2010,Chris Carpenter,Cardinals,1292
2016,Julio Teheran,Braves,6797
2012,Ryan Dempster,- - -,517
2009,Brett Anderson,Athletics,8223
2005,CC Sabathia,Indians,404
2002,Mark Redman,Tigers,491
2015,Alex Wood,- - -,13781
2013,Julio Teheran,Braves,6797
2005,Carlos Zambrano,Cubs,305
2007,Dan Haren,Athletics,1757
2010,John Danks,White Sox,6329
2002,Mark Mulder,Athletics,932
2013,Andy Pettitte,Yankees,840
2012,Ryan Vogelsong,Giants,1011
2010,Jason Hammel,Rockies,4538
2011,Derek Lowe,Braves,199
2006,Derek Lowe,Dodgers,199
2008,Andy Pettitte,Yankees,840
2004,Jon Lieber,Yankees,287
2007,Aaron Harang,Reds,1451
2010,Max Scherzer,Tigers,3137
2010,Dan Haren,- - -,1757
2003,Kerry Wood,Cubs,304
2009,Jason Hammel,Rockies,4538
2016,Marcus Stroman,Blue Jays,13431
2004,Rich Harden,Athletics,1772
2002,Jarrod Washburn,Angels,40
2009,Cole Hamels,Phillies,4972
2011,Ryan Vogelsong,Giants,1011
2015,Felix Hernandez,Mariners,4772
2002,Vicente Padilla,Phillies,964
2004,Kelvim Escobar,Angels,1298
2008,Cole Hamels,Phillies,4972
2003,Woody Williams,Cardinals,1190
2005,Cory Lidle,Phillies,926
2002,Bartolo Colon,- - -,375
2009,John Lackey,Angels,1507
2011,Shaun Marcum,Brewers,6204
2005,Kevin Millwood,Indians,106
2007,Dustin McGowan,Blue Jays,8600
2009,Chad Billingsley,Dodgers,5842
2012,Jake Peavy,White Sox,1051
2013,Tim Lincecum,Giants,5705
2008,Javier Vazquez,White Sox,801
2010,Shaun Marcum,Blue Jays,6204
2014,Justin Verlander,Tigers,8700
2012,Lucas Harrell,Astros,7541
2002,Randy Wolf,Phillies,976
2012,Jered Weaver,Angels,4235
2011,Gavin Floyd,White Sox,3886
2005,Bartolo Colon,Angels,375
2004,Kris Benson,- - -,982
2014,Jake Odorizzi,Rays,6397
2015,Jordan Zimmermann,Nationals,4505
2007,Felix Hernandez,Mariners,4772
2003,Kelvim Escobar,Blue Jays,1298
2016,Robbie Ray,Diamondbacks,11486
2002,Ben Sheets,Brewers,710
2016,Gio Gonzalez,Nationals,7448
2008,Aaron Cook,Rockies,1571
2005,Scott Kazmir,Devil Rays,4897
2008,Randy Johnson,Diamondbacks,60
2013,Jorge de la Rosa,Rockies,2047
2009,Roy Oswalt,Astros,571
2003,Carl Pavano,Marlins,790
2014,Jarred Cosart,- - -,10304
2009,Gavin Floyd,White Sox,3886
2011,Charlie Morton,Pirates,4676
2013,Jeff Samardzija,Cubs,3254
2005,Randy Johnson,Yankees,60
2011,Hiroki Kuroda,Dodgers,3283
2014,John Lackey,- - -,1507
2007,Matt Cain,Giants,4732
2010,Gio Gonzalez,Athletics,7448
2011,R.A. Dickey,Mets,1245
2012,Tim Hudson,Braves,921
2011,Paul Maholm,Pirates,8678
2008,Ricky Nolasco,Marlins,3830
2009,Johan Santana,Mets,755
2008,Scott Baker,Twins,6176
2013,Edwin Jackson,Cubs,1841
2007,Chien-Ming Wang,Yankees,2074
2005,Cliff Lee,Indians,1636
2016,Michael Pineda,Yankees,5372
2014,Kyle Gibson,Twins,10123
2006,Greg Maddux,- - -,104
2010,Dallas Braden,Athletics,8099
2004,Bronson Arroyo,Red Sox,978
2002,Tomo Ohka,Expos,788
2007,Javier Vazquez,White Sox,801
2008,Roy Oswalt,Astros,571
2005,Chris Young,Rangers,3196
2012,Jon Niese,Mets,4424
2012,Jake Westbrook,Cardinals,412
2008,Felix Hernandez,Mariners,4772
2002,Miguel Batista,Diamondbacks,46
2016,Ervin Santana,Twins,3200
2009,Kevin Correia,Padres,1767
2016,John Lackey,Cubs,1507
2015,Wade Miley,Red Sox,8779
2016,Chris Archer,Rays,6345
2010,Clayton Richard,Padres,3551
2010,Mike Pelfrey,Mets,5203
2016,Tanner Roark,Nationals,8753
2013,Jose Quintana,White Sox,11423
2007,Johan Santana,Twins,755
2008,James Shields,Rays,7059
2011,John Danks,White Sox,6329
2014,Josh Collmenter,Diamondbacks,7312
2009,Paul Maholm,Pirates,8678
2008,Ubaldo Jimenez,Rockies,3374
2011,Chad Billingsley,Dodgers,5842
2011,Jon Lester,Red Sox,4930
2005,David Wells,Red Sox,855
2015,Edinson Volquez,Royals,3990
2016,Mike Leake,Cardinals,10130
2016,Drew Pomeranz,- - -,11426
2007,Cole Hamels,Phillies,4972
2009,Jorge de la Rosa,Rockies,2047
2014,Jason Vargas,Royals,8044
2006,Javier Vazquez,White Sox,801
2014,Tom Koehler,Marlins,6570
2010,John Lackey,Red Sox,1507
2013,Bud Norris,- - -,9492
2014,Drew Hutchison,Blue Jays,10732
2005,Mark Prior,Cubs,301
2012,Edwin Jackson,Nationals,1841
2012,Trevor Cahill,Diamondbacks,6249
2016,Jeff Samardzija,Giants,3254
2004,Chris Carpenter,Cardinals,1292
2014,Ryan Vogelsong,Giants,1011
2012,Mat Latos,Reds,3815
2015,Andrew Cashner,Padres,8782
2002,Kerry Wood,Cubs,304
2010,Edwin Jackson,- - -,1841
2007,Andy Pettitte,Yankees,840
2012,Hiroki Kuroda,Yankees,3283
2013,John Lackey,Red Sox,1507
2015,Garrett Richards,Angels,9784
2007,James Shields,Devil Rays,7059
2009,Max Scherzer,Diamondbacks,3137
2002,CC Sabathia,Indians,404
2015,Michael Wacha,Cardinals,14078
2003,Livan Hernandez,Expos,1116
2009,Ryan Dempster,Cubs,517
2006,Kevin Millwood,Rangers,106
2002,Al Leiter,Mets,883
2016,Dallas Keuchel,Astros,9434
2006,Brad Penny,Dodgers,535
2002,Barry Zito,Athletics,944
2012,Ricky Nolasco,Marlins,3830
2006,Jake Westbrook,Indians,412
2015,Bartolo Colon,Mets,375
2014,Mike Leake,Reds,10130
2005,Jason Schmidt,Giants,1131
2004,David Wells,Padres,855
2009,Randy Wells,Cubs,4535
2003,Wade Miller,Astros,568
2004,Jeff Weaver,Dodgers,503
2009,Matt Cain,Giants,4732
2003,Greg Maddux,Braves,104
2013,Travis Wood,Cubs,9884
2010,Derek Lowe,Braves,199
2006,Dave Bush,Brewers,4635
2005,Noah Lowry,Giants,1833
2005,Dan Haren,Athletics,1757
2014,Wei-Yin Chen,Orioles,13071
2008,Kyle Lohse,Cardinals,739
2016,Zach Davies,Brewers,13183
2013,Yovani Gallardo,Brewers,8173
2003,Matt Morris,Cardinals,1172
2004,John Thomson,Braves,453
2005,Jeremy Bonderman,Tigers,1667
2012,Joe Blanton,- - -,4849
2010,Mark Buehrle,White Sox,225
2008,Jered Weaver,Angels,4235
2007,Adam Wainwright,Cardinals,2233
2011,Ryan Dempster,Cubs,517
2006,Felix Hernandez,Mariners,4772
2002,Livan Hernandez,Giants,1116
2008,Matt Cain,Giants,4732
2003,Jae Seo,Mets,895
2006,Chien-Ming Wang,Yankees,2074
2012,Rick Porcello,Tigers,2717
2008,Andy Sonnanstine,Rays,7667
2003,Brad Penny,Marlins,535
2012,Tommy Milone,Athletics,7608
2012,Matt Moore,Rays,1890
2014,Doug Fister,Nationals,9425
2016,Adam Wainwright,Cardinals,2233
2013,Matt Cain,Giants,4732
2010,Randy Wells,Cubs,4535
2003,Joel Pineiro,Mariners,1094
2013,Ervin Santana,Royals,3200
2005,Paul Byrd,Angels,594
2007,Roberto Hernandez,Indians,3273
2014,Yovani Gallardo,Brewers,8173
2012,Scott Diamond,Twins,5089
2011,Derek Holland,Rangers,4141
2008,Mark Buehrle,White Sox,225
2012,Yovani Gallardo,Brewers,8173
2015,Brett Anderson,Dodgers,8223
2005,Josh Towers,Blue Jays,1489
2010,Jason Vargas,Mariners,8044
2012,Chris Capuano,Dodgers,1701
2003,CC Sabathia,Indians,404
2004,Mike Mussina,Yankees,837
2010,Livan Hernandez,Nationals,1116
2016,Collin McHugh,Astros,7531
2006,Jason Schmidt,Giants,1131
2002,Eric Milton,Twins,743
2012,Wandy Rodriguez,- - -,2586
2015,Jeff Locke,Pirates,2929
2014,Kyle Lohse,Brewers,739
2011,Livan Hernandez,Nationals,1116
2009,Randy Wolf,Dodgers,976
2015,Kyle Gibson,Twins,10123
2016,J.A. Happ,Blue Jays,7410
2010,Scott Baker,Twins,6176
2005,Jake Westbrook,Indians,412
2008,Mike Pelfrey,Mets,5203
2002,Russ Ortiz,Giants,1124
2009,Yovani Gallardo,Brewers,8173
2012,Homer Bailey,Reds,8362
2003,David Wells,Yankees,855
2010,Johnny Cueto,Reds,6893
2015,Scott Kazmir,- - -,4897
2014,Wade Miley,Diamondbacks,8779
2005,Doug Davis,Brewers,1244
2016,Jeremy Hellickson,Phillies,4371
2016,Cole Hamels,Rangers,4972
2006,Matt Cain,Giants,4732
2011,Mark Buehrle,White Sox,225
2014,Jason Hammel,- - -,4538
2013,Wade Miley,Diamondbacks,8779
2003,Ben Sheets,Brewers,710
2007,Derek Lowe,Dodgers,199
2005,Matt Morris,Cardinals,1172
2007,Justin Verlander,Tigers,8700
2010,Ryan Dempster,Cubs,517
2009,Carl Pavano,- - -,790
2010,Jonathan Sanchez,Giants,7507
2011,Ervin Santana,Angels,3200
2015,Mike Pelfrey,Twins,5203
2015,Mike Fiers,- - -,7754
2015,Yovani Gallardo,Rangers,8173
2013,Dillon Gee,Mets,7396
2016,Bartolo Colon,Mets,375
2002,Mark Buehrle,White Sox,225
2005,Mike Mussina,Yankees,837
2014,Clay Buchholz,Red Sox,3543
2004,Dontrelle Willis,Marlins,1703
2007,Ian Snell,Pirates,2227
2011,Ivan Nova,Yankees,1994
2015,Ubaldo Jimenez,Orioles,3374
2012,Paul Maholm,- - -,8678
2004,Livan Hernandez,Expos,1116
2003,Jamie Moyer,Mariners,1091
2002,Freddy Garcia,Mariners,1077
2016,Carlos Rodon,White Sox,16137
2013,Kyle Kendrick,Phillies,6230
2014,Chris Tillman,Orioles,5279
2010,Carl Pavano,Twins,790
2008,Kevin Millwood,Rangers,106
2009,James Shields,Rays,7059
2015,Chris Heston,Giants,10302
2011,Bud Norris,Astros,9492
2016,Trevor Bauer,Indians,12703
2007,Gil Meche,Royals,1089
2013,Scott Feldman,- - -,6283
2013,Jeff Locke,Pirates,2929
2014,Roenis Elias,Mariners,12673
2011,Chris Capuano,Mets,1701
2012,Matt Harrison,Rangers,5551
2011,Tim Stauffer,Padres,6432
2008,Daisuke Matsuzaka,Red Sox,7775
2002,Jamie Moyer,Mariners,1091
2010,Brett Cecil,Blue Jays,2660
2005,Matt Clement,Red Sox,271
2006,Chris Capuano,Brewers,1701
2012,Ian Kennedy,Diamondbacks,6986
2013,Mike Leake,Reds,10130
2012,C.J. Wilson,Angels,3580
2009,Jered Weaver,Angels,4235
2005,Freddy Garcia,White Sox,1077
2010,Brian Matusz,Orioles,2646
2004,Jake Westbrook,Indians,412
2003,Barry Zito,Athletics,944
2009,Derek Lowe,Braves,199
2012,Edinson Volquez,Padres,3990
2011,Rick Porcello,Tigers,2717
2005,Javier Vazquez,Diamondbacks,801
2005,Greg Maddux,Cubs,104
2005,Brett Myers,Phillies,962
2005,Kenny Rogers,Rangers,1277
2015,Taijuan Walker,Mariners,11836
2009,Jeff Niemann,Rays,8591
2004,Matt Clement,Cubs,271
2009,Scott Baker,Twins,6176
2003,Mike Hampton,Braves,430
2012,Joe Saunders,- - -,4366
2013,Kyle Lohse,Brewers,739
2003,Tim Wakefield,Red Sox,219
2004,John Lackey,Angels,1507
2012,Bronson Arroyo,Reds,978
2011,Jason Vargas,Mariners,8044
2008,Greg Maddux,- - -,104
2003,Adam Eaton,Padres,1029
2010,Justin Masterson,Indians,2038
2010,Tim Hudson,Braves,921
2014,Dan Haren,Dodgers,1757
2008,Dana Eveland,Athletics,5508
2012,James McDonald,Pirates,5523
2006,Jason Jennings,Rockies,434
2013,CC Sabathia,Yankees,404
2010,Jon Niese,Mets,4424
2004,Woody Williams,Cardinals,1190
2013,Mark Buehrle,Blue Jays,225
2011,Trevor Cahill,Athletics,6249
2003,Mark Buehrle,White Sox,225
2006,Jose Contreras,White Sox,1660
2009,Jason Marquis,Rockies,105
2011,Jeff Francis,Royals,4684
2011,Carl Pavano,Twins,790
2016,Kevin Gausman,Orioles,14107
2015,Jimmy Nelson,Brewers,10547
2010,Roberto Hernandez,Indians,3273
2003,Bartolo Colon,White Sox,375
2003,Tim Redding,Astros,573
2012,Jon Lester,Red Sox,4930
2014,Scott Feldman,Astros,6283
2014,Wily Peralta,Brewers,7738
2014,Jake Peavy,- - -,1051
2013,Dan Haren,Nationals,1757
2006,Dan Haren,Athletics,1757
2004,Brett Tomko,Giants,1056
2003,John Thomson,Rangers,453
2015,Rick Porcello,Red Sox,2717
2006,Zach Duke,Pirates,3840
2012,Aaron Harang,Dodgers,1451
2003,Matt Clement,Cubs,271
2006,Carlos Zambrano,Cubs,305
2009,Aaron Harang,Reds,1451
2008,Matt Garza,Rays,3340
2009,Scott Feldman,Rangers,6283
2006,Brett Myers,Phillies,962
2002,Steve Trachsel,Mets,898
2014,A.J. Burnett,Phillies,512
2016,Ricky Nolasco,- - -,3830
2011,Max Scherzer,Tigers,3137
2005,Brian Lawrence,Padres,1045
2009,Andy Pettitte,Yankees,840
2006,Andy Pettitte,Astros,840
2005,Brett Tomko,Giants,1056
2016,Marco Estrada,Blue Jays,1118
2002,Hideo Nomo,Dodgers,666
2011,Wandy Rodriguez,Astros,2586
2012,Josh Beckett,- - -,510
2006,Bronson Arroyo,Reds,978
2008,Paul Maholm,Pirates,8678
2005,Derek Lowe,Dodgers,199
2012,Justin Masterson,Indians,2038
2007,Ted Lilly,Cubs,833
2015,Wei-Yin Chen,Orioles,13071
2004,Ryan Drese,Rangers,379
2009,Matt Garza,Rays,3340
2003,Russ Ortiz,Braves,1124
2002,Kip Wells,Pirates,1012
2011,Aaron Harang,Padres,1451
2016,Matt Moore,- - -,1890
2008,Randy Wolf,- - -,976
2004,Mark Buehrle,White Sox,225
2015,Colby Lewis,Rangers,1259
2005,Mark Redman,Pirates,491
2012,Tim Lincecum,Giants,5705
2007,Wandy Rodriguez,Astros,2586
2007,John Maine,Mets,4773
2010,Paul Maholm,Pirates,8678
2014,Edinson Volquez,Pirates,3990
2008,Justin Verlander,Tigers,8700
2012,Mark Buehrle,Marlins,225
2005,Carlos Silva,Twins,973
2004,Odalis Perez,Dodgers,668
2007,Jeremy Bonderman,Tigers,1667
2010,Trevor Cahill,Athletics,6249
2002,Rodrigo Lopez,Orioles,150
2016,Jerad Eickhoff,Phillies,12664
2007,Jeff Francis,Rockies,4684
2014,Jered Weaver,Angels,4235
2002,Tom Glavine,Braves,90
2006,Aaron Cook,Rockies,1571
2015,Mike Leake,- - -,10130
2011,Ricky Romero,Blue Jays,3403
2003,Hideo Nomo,Dodgers,666
2005,Jose Contreras,White Sox,1660
2011,Ted Lilly,Dodgers,833
2003,Ted Lilly,Athletics,833
2004,CC Sabathia,Indians,404
2011,Mike Leake,Reds,10130
2003,Brett Myers,Phillies,962
2014,Bud Norris,Orioles,9492
2006,Joe Blanton,Athletics,4849
2010,Jake Westbrook,- - -,412
2004,Jason Johnson,Tigers,147
2011,Jhoulys Chacin,Rockies,2608
2007,Daisuke Matsuzaka,Red Sox,7775
2003,Tomo Ohka,Expos,788
2015,Jeff Samardzija,White Sox,3254
2016,Chris Tillman,Orioles,5279
2012,Bud Norris,Astros,9492
2010,James Shields,Rays,7059
2008,Carlos Zambrano,Cubs,305
2011,Brett Myers,Astros,962
2004,Tom Glavine,Mets,90
2007,Tom Gorzelanny,Pirates,6244
2006,Orlando Hernandez,- - -,823
2009,Zach Duke,Pirates,3840
2010,Barry Zito,Giants,944
2007,Carlos Silva,Twins,973
2005,Jon Garland,White Sox,232
2012,Dan Haren,Angels,1757
2013,Edinson Volquez,- - -,3990
2003,Vicente Padilla,Phillies,964
2003,Kenny Rogers,Twins,1277
2005,Jon Lieber,Phillies,287
2010,Joe Blanton,Phillies,4849
2011,Jake Westbrook,Cardinals,412
2006,Clay Hensley,Padres,4593
2006,Vicente Padilla,Rangers,964
2003,John Burkett,Red Sox,179
2013,Jeremy Hellickson,Rays,4371
2003,Derek Lowe,Red Sox,199
2005,Gustavo Chacin,Blue Jays,2060
2015,Mark Buehrle,Blue Jays,225
2004,Derek Lowe,Red Sox,199
2007,Mark Buehrle,White Sox,225
2016,Chad Bettis,Rockies,10587
2003,Odalis Perez,Dodgers,668
2016,Hisashi Iwakuma,Mariners,13048
2006,Randy Johnson,Yankees,60
2011,Josh Tomlin,Indians,9388
2010,Ted Lilly,- - -,833
2004,Adam Eaton,Padres,1029
2003,Randy Wolf,Phillies,976
2008,Jesse Litsch,Blue Jays,3688
2002,Kevin Appier,Angels,3
2011,John Lannan,Nationals,7080
2016,CC Sabathia,Yankees,404
2003,Al Leiter,Mets,883
2010,Ervin Santana,Angels,3200
2009,Edwin Jackson,Tigers,1841
2003,Jeff Suppan,- - -,633
2011,Randy Wolf,Brewers,976
2011,Luke Hochevar,Royals,6943
2006,Ervin Santana,Angels,3200
2003,Kyle Lohse,Twins,739
2013,Wily Peralta,Brewers,7738
2005,Mark Mulder,Cardinals,932
2006,Tom Glavine,Mets,90
2010,Phil Hughes,Yankees,7450
2004,Jeremy Bonderman,Tigers,1667
2009,Barry Zito,Giants,944
2006,Dontrelle Willis,Marlins,1703
2014,C.J. Wilson,Angels,3580
2016,Jake Odorizzi,Rays,6397
2010,Rick Porcello,Tigers,2717
2014,Jeremy Guthrie,Royals,2072
2007,Rich Hill,Cubs,4806
2008,Jamie Moyer,Phillies,1091
2014,R.A. Dickey,Blue Jays,1245
2004,Mike Hampton,Braves,430
2011,Chris Volstad,Marlins,9901
2002,Kenny Rogers,Rangers,1277
2006,Scott Olsen,Marlins,4529
2010,Ian Kennedy,Diamondbacks,6986
2003,Brad Radke,Twins,748
2005,Livan Hernandez,Nationals,1116
2009,Ricky Romero,Blue Jays,3403
2007,A.J. Burnett,Blue Jays,512
2005,Tim Hudson,Braves,921
2009,A.J. Burnett,Yankees,512
2014,Alfredo Simon,Reds,2155
2002,Joel Pineiro,Mariners,1094
2010,Chris Volstad,Marlins,9901
2014,Jorge de la Rosa,Rockies,2047
2005,Barry Zito,Athletics,944
2005,Jason Johnson,Tigers,147
2006,Justin Verlander,Tigers,8700
2007,Oliver Perez,Mets,1514
2002,Jimmy Haynes,Reds,329
2005,Jarrod Washburn,Angels,40
2004,Joe Kennedy,Rockies,1217
2006,Jon Garland,White Sox,232
2004,Greg Maddux,Cubs,104
2015,Trevor Bauer,Indians,12703
2007,Jon Garland,White Sox,232
2004,Carlos Silva,Twins,973
2008,Joe Saunders,Angels,4366
2009,Nick Blackburn,Twins,4270
2006,Doug Davis,Brewers,1244
2014,Travis Wood,Cubs,9884
2012,Mike Minor,Braves,10021
2006,Jeff Francis,Rockies,4684
2003,Kip Wells,Pirates,1012
2009,Mike Pelfrey,Mets,5203
2016,Kendall Graveman,Athletics,15514
2005,Jamie Moyer,Mariners,1091
2004,Kenny Rogers,Rangers,1277
2007,Brian Bannister,Royals,5718
2008,Nick Blackburn,Twins,4270
2013,Kevin Correia,Twins,1767
2008,Zach Duke,Pirates,3840
2013,Jarrod Parker,Athletics,4913
2015,Julio Teheran,Braves,6797
2010,Matt Garza,Rays,3340
2008,Ted Lilly,Cubs,833
2004,Brandon Webb,Diamondbacks,1692
2002,John Burkett,Red Sox,179
2010,Jon Garland,Padres,232
2007,Jeff Suppan,Brewers,633
2012,Wei-Yin Chen,Orioles,13071
2002,Andy Ashby,Dodgers,637
2013,Chris Tillman,Orioles,5279
2012,Mike Leake,Reds,10130
2005,Joe Blanton,Athletics,4849
2007,Jeremy Guthrie,Orioles,2072
2002,Rick Reed,Twins,750
2002,Kirk Rueter,Giants,1128
2015,Marco Estrada,Blue Jays,1118
2003,Jeff D'Amico,Pirates,871
2002,Brandon Duckworth,Phillies,954
2015,Jon Niese,Mets,4424
2011,Jeremy Hellickson,Rays,4371
2004,Brian Lawrence,Padres,1045
2004,Sidney Ponson,Orioles,161
2010,Jeremy Guthrie,Orioles,2072
2005,Brad Radke,Twins,748
2009,Livan Hernandez,- - -,1116
2015,Chris Tillman,Orioles,5279
2007,Matt Morris,- - -,1172
2016,Wade Miley,- - -,8779
2005,Bronson Arroyo,Red Sox,978
2009,Joe Blanton,Phillies,4849
2015,James Shields,Padres,7059
2005,Joel Pineiro,Mariners,1094
2002,Joe Kennedy,Devil Rays,1217
2012,Gavin Floyd,White Sox,3886
2016,Mike Fiers,Astros,7754
2009,Brad Penny,- - -,535
2013,Miguel Gonzalez,Orioles,7024
2009,Mark Buehrle,White Sox,225
2010,Kyle Davies,Royals,3642
2004,Mike Maroth,Tigers,1508
2014,Colby Lewis,Rangers,1259
2005,Jeff Weaver,Dodgers,503
2011,Mike Pelfrey,Mets,5203
2002,Paul Byrd,Royals,594
2009,Jon Garland,- - -,232
2015,R.A. Dickey,Blue Jays,1245
2016,Jason Hammel,Cubs,4538
2016,Drew Smyly,Rays,11760
2013,Bronson Arroyo,Reds,978
2012,Barry Zito,Giants,944
2005,Zack Greinke,Royals,1943
2015,John Danks,White Sox,6329
2005,Kyle Lohse,Twins,739
2004,Barry Zito,Athletics,944
2016,Martin Perez,Rangers,6902
2008,Bronson Arroyo,Reds,978
2003,Cory Lidle,Blue Jays,926
2003,Elmer Dessens,Diamondbacks,317
2002,Ismael Valdez,- - -,1283
2004,Ted Lilly,Blue Jays,833
2011,Jeremy Guthrie,Orioles,2072
2008,Todd Wellemeyer,Cardinals,1709
2006,Matt Morris,Giants,1172
2004,Mark Mulder,Athletics,932
2015,Ian Kennedy,Padres,6986
2004,Mark Hendrickson,Devil Rays,1574
2008,Joe Blanton,- - -,4849
2008,Brett Myers,Phillies,962
2008,Braden Looper,Cardinals,526
2004,Cory Lidle,- - -,926
2006,Miguel Batista,Diamondbacks,46
2014,Shelby Miller,Cardinals,10197
2008,John Lackey,Angels,1507
2008,Jeremy Guthrie,Orioles,2072
2005,Jeff Suppan,Cardinals,633
2007,Miguel Batista,Mariners,46
2011,Colby Lewis,Rangers,1259
2016,Jaime Garcia,Cardinals,8137
2002,John Thomson,- - -,453
2013,A.J. Griffin,Athletics,11132
2007,Kevin Millwood,Rangers,106
2004,Jason Marquis,Cardinals,105
2006,Tim Hudson,Braves,921
2011,Roberto Hernandez,Indians,3273
2012,Phil Hughes,Yankees,7450
2003,Brian Lawrence,Padres,1045
2012,Tommy Hanson,Braves,9129
2007,Bronson Arroyo,Reds,978
2007,Dave Bush,Brewers,4635
2016,Edinson Volquez,Royals,3990
2010,Joe Saunders,- - -,4366
2008,Ian Snell,Pirates,2227
2014,Kyle Kendrick,Phillies,6230
2005,Tomo Ohka,- - -,788
2008,Jason Marquis,Cubs,105
2013,R.A. Dickey,Blue Jays,1245
2007,Matt Belisle,Reds,1837
2009,Jarrod Washburn,- - -,40
2007,Carlos Zambrano,Cubs,305
2007,Kyle Lohse,- - -,739
2006,Jon Lieber,Phillies,287
2006,Ian Snell,Pirates,2227
2007,Aaron Cook,Rockies,1571
2006,Freddy Garcia,White Sox,1077
2004,Nate Robertson,Tigers,1620
2013,Ian Kennedy,- - -,6986
2005,Brandon Claussen,Reds,814
2016,Yordano Ventura,Royals,11855
2015,Tom Koehler,Marlins,6570
2009,John Danks,White Sox,6329
2003,Steve Trachsel,Mets,898
2016,Tom Koehler,Marlins,6570
2007,Paul Maholm,Pirates,8678
2012,Jeremy Hellickson,Rays,4371
2012,Ivan Nova,Yankees,1994
2006,Chris Young,Padres,3196
2010,Bronson Arroyo,Reds,978
2002,Brett Tomko,Padres,1056
2015,Dan Haren,- - -,1757
2004,Josh Fogg,Pirates,989
2002,Elmer Dessens,Reds,317
2012,Clayton Richard,Padres,3551
2007,Nate Robertson,Tigers,1620
2006,Gil Meche,Mariners,1089
2014,Eric Stults,Padres,8011
2002,Sidney Ponson,Orioles,161
2005,Mark Hendrickson,Devil Rays,1574
2005,Kris Benson,Mets,982
2012,Luke Hochevar,Royals,6943
2005,Rodrigo Lopez,Orioles,150
2002,Glendon Rusch,Brewers,707
2003,John Lackey,Angels,1507
2005,Mike Maroth,Tigers,1508
2012,Clay Buchholz,Red Sox,3543
2010,Jeff Niemann,Rays,8591
2006,Brad Radke,Twins,748
2006,Kenny Rogers,Tigers,1277
2003,Darren Oliver,Rockies,206
2002,Tony Armas Jr.,Expos,761
2005,Chris Capuano,Brewers,1701
2011,Wade Davis,Rays,7441
2003,Brian Anderson,- - -,44
2007,Tim Wakefield,Red Sox,219
2016,Ian Kennedy,Royals,6986
2015,CC Sabathia,Yankees,404
2002,Jason Jennings,Rockies,434
2008,Oliver Perez,Mets,1514
2007,Paul Byrd,Indians,594
2011,James McDonald,Pirates,5523
2003,Matt Kinney,Brewers,737
2002,Kyle Lohse,Twins,739
2007,Chad Gaudin,Athletics,1783
2009,Johnny Cueto,Reds,6893
2003,Jason Jennings,Rockies,434
2012,Jason Vargas,Mariners,8044
2003,Shane Reynolds,Braves,574
2013,Ryan Dempster,Red Sox,517
2009,John Lannan,Nationals,7080
2003,Nate Cornejo,Tigers,462
2002,Ryan Jensen,Giants,1117
2006,Jeff Suppan,Cardinals,633
2003,Horacio Ramirez,Braves,110
2002,Ryan Dempster,- - -,517
2003,Jason Johnson,Orioles,147
2006,Nate Robertson,Tigers,1620
2007,Doug Davis,Diamondbacks,1244
2003,Darrell May,Royals,613
2013,Joe Saunders,Mariners,4366
2008,Barry Zito,Giants,944
2009,Ross Ohlendorf,Pirates,8268
2006,Cliff Lee,Indians,1636
2005,Nate Robertson,Tigers,1620
2012,Bruce Chen,Royals,769
2003,Tom Glavine,Mets,90
2005,Jeff Francis,Rockies,4684
2016,Doug Fister,Astros,9425
2005,Tim Wakefield,Red Sox,219
2012,Derek Holland,Rangers,4141
2008,Jon Garland,Angels,232
2014,John Danks,White Sox,6329
2004,Al Leiter,Mets,883
2008,Gavin Floyd,White Sox,3886
2007,Jarrod Washburn,Mariners,40
2015,Alfredo Simon,Tigers,2155
2004,Jeff Suppan,Cardinals,633
2009,Rick Porcello,Tigers,2717
2004,Paul Wilson,Reds,1234
2011,Joe Saunders,Diamondbacks,4366
2004,Javier Vazquez,Yankees,801
2006,Jarrod Washburn,Mariners,40
2011,A.J. Burnett,Yankees,512
2002,Damian Moss,Braves,107
2009,Bronson Arroyo,Reds,978
2002,Pedro Astacio,Mets,862
2002,Jon Garland,White Sox,232
2007,Boof Bonser,Twins,2159
2010,Wade Davis,Rays,7441
2006,Paul Byrd,Indians,594
2013,Jeremy Guthrie,Royals,2072
2008,John Lannan,Nationals,7080
2003,Gil Meche,Mariners,1089
2006,Ted Lilly,Blue Jays,833
2004,Russ Ortiz,Braves,1124
2009,Kevin Millwood,Rangers,106
2004,Steve Trachsel,Mets,898
2006,Paul Maholm,Pirates,8678
2008,Armando Galarraga,Tigers,4222
2002,Rick Helling,Diamondbacks,58
2003,Paul Wilson,Reds,1234
2015,Rubby de la Rosa,Diamondbacks,3862
2007,Jose Contreras,White Sox,1660
2008,Greg Smith,Athletics,3455
2008,Edwin Jackson,Rays,1841
2002,Steve Sparks,Tigers,499
2015,Hector Santiago,Angels,4026
2003,Freddy Garcia,Mariners,1077
2010,A.J. Burnett,Yankees,512
2007,Braden Looper,Cardinals,526
2007,Barry Zito,Giants,944
2015,Aaron Harang,Phillies,1451
2003,Brett Tomko,Cardinals,1056
2009,Doug Davis,Diamondbacks,1244
2008,Tim Wakefield,Red Sox,219
2010,Randy Wolf,Brewers,976
2006,Livan Hernandez,- - -,1116
2010,Kevin Millwood,Orioles,106
2002,Josh Fogg,Pirates,989
2007,Tom Glavine,Mets,90
2002,Ramon Ortiz,Angels,27
2002,Dan Wright,White Sox,258
2016,Dan Straily,Reds,9460
2014,Hector Noesi,White Sox,3292
2006,Barry Zito,Athletics,944
2014,Roberto Hernandez,- - -,3273
2006,Claudio Vargas,Diamondbacks,1695
2008,Johnny Cueto,Reds,6893
2004,Miguel Batista,Blue Jays,46
2016,Josh Tomlin,Indians,9388
2008,Aaron Harang,Reds,1451
2005,Jason Marquis,Cardinals,105
2010,Kyle Kendrick,Phillies,6230
2010,Jeremy Bonderman,Tigers,1667
2004,Matt Morris,Cardinals,1172
2006,Rodrigo Lopez,Orioles,150
2008,Tim Redding,Nationals,573
2007,Jamie Moyer,Phillies,1091
2005,Bruce Chen,Orioles,769
2008,Livan Hernandez,- - -,1116
2006,Jamie Moyer,- - -,1091
2004,Kirk Rueter,Giants,1128
2003,Jarrod Washburn,Angels,40
2002,Tanyon Sturtze,Devil Rays,1230
2003,Jason Davis,Indians,1598
2004,Bartolo Colon,Angels,375
2004,Cliff Lee,Indians,1636
2008,Dave Bush,Brewers,4635
2007,Jason Marquis,Cubs,105
2003,Jake Peavy,Padres,1051
2006,Mark Redman,Royals,491
2002,Jeff Suppan,Royals,633
2002,Paul Wilson,Devil Rays,1234
2007,Daniel Cabrera,Orioles,1931
2008,Scott Olsen,Marlins,4529
2011,Brad Penny,Tigers,535
2003,Jon Garland,White Sox,232
2008,Brian Bannister,Royals,5718
2008,Vicente Padilla,Rangers,964
2016,R.A. Dickey,Blue Jays,1245
2006,Josh Fogg,Rockies,989
2005,Kip Wells,Pirates,1012
2004,Mark Redman,Athletics,491
2004,Kyle Lohse,Twins,739
2012,Ubaldo Jimenez,Indians,3374
2014,Chris Young,Mariners,3196
2005,Ryan Franklin,Mariners,1076
2005,Scott Elarton,Indians,426
2003,Victor Zambrano,Devil Rays,1237
2005,Horacio Ramirez,Braves,110
2004,Jason Jennings,Rockies,434
2012,Jeremy Guthrie,- - -,2072
2016,Jimmy Nelson,Brewers,10547
2006,Josh Beckett,Red Sox,510
2007,Dontrelle Willis,Marlins,1703
2004,Tim Wakefield,Red Sox,219
2012,Ricky Romero,Blue Jays,3403
2010,Dave Bush,Brewers,4635
2008,Paul Byrd,- - -,594
2006,Cory Lidle,- - -,926
2004,Jon Garland,White Sox,232
2010,Brad Bergesen,Orioles,8375
2004,Esteban Loaiza,- - -,1310
2009,Joe Saunders,Angels,4366
2003,Ryan Franklin,Mariners,1076
2012,Henderson Alvarez,Blue Jays,5669
2004,Brett Myers,Phillies,962
2016,Brandon Finnegan,Reds,16208
2005,Josh Fogg,Pirates,989
2010,Rodrigo Lopez,Diamondbacks,150
2004,Ryan Franklin,Mariners,1076
2008,Kenny Rogers,Tigers,1277
2007,Josh Fogg,Rockies,989
2003,Ramon Ortiz,Angels,27
2004,Kazuhisa Ishii,Dodgers,655
2004,Jose Contreras,- - -,1660
2006,Mark Buehrle,White Sox,225
2016,Hector Santiago,- - -,4026
2009,Jeremy Guthrie,Orioles,2072
2003,Mike Maroth,Tigers,1508
2007,Scott Olsen,Marlins,4529
2009,Trevor Cahill,Athletics,6249
2004,Darrell May,Royals,613
2004,Eric Milton,Phillies,743
2005,Eric Milton,Reds,743
2006,Ramon Ortiz,Nationals,27
2006,Jeff Weaver,- - -,503
2005,Ramon Ortiz,Reds,27
2006,Steve Trachsel,Mets,898
2008,Jeff Suppan,Brewers,633
2002,Mike Hampton,Rockies,430
2003,Garrett Stephenson,Cardinals,1185
2004,Shawn Estes,Rockies,873
2003,Danny Graves,Reds,326
2007,Matt Chico,Nationals,6068
2007,Woody Williams,Astros,1190
2006,Kris Benson,Orioles,982
2008,Daniel Cabrera,Orioles,1931
2016,Jered Weaver,Angels,4235
2012,Ervin Santana,Angels,3200
2004,Jamie Moyer,Mariners,1091
2005,Jose Lima,Royals,475
2011,Bronson Arroyo,Reds,978
2004,Ismael Valdez,- - -,1283
2009,Braden Looper,Brewers,526
2007,Livan Hernandez,Diamondbacks,1116
2006,Carlos Silva,Twins,973
2008,Brandon Backe,Astros,1529
2006,Jason Marquis,Cardinals,105
2003,Wayne Franklin,Brewers,557
2016,James Shields,- - -,7059
